id,trackingId,productName,brandName,productUrl,formattedPrice,price,priceMin,priceMax,stockState,isComingSoon,isOnline,isNewProduct,colorName,colorCode,swatchColorNames,swatchColorCodes,allSizes,availableSizes,sizesCount,imageProductSrc,imageModelSrc,galleryImages,mainCatCode,searchQuery,locale,pageNumber,outOfStockSizes
1328258002,OzU7IzsxMzI4MjU4MDAyOyM7IzsvZmFzaGlvbi9ERVNLVE9QL1NFQVJDSF9QQUdFL1NFQVJDSF9SRVNVTFQ7IzsjO09CSkVDVElWRSQ7MTs0NzsjOyM7Izs_e4,2-Piece Ruffle-Trimmed Terry Set,H&M,https://www2.hm.com/en_us/productpage.1328258002.html,$29.99,29.99,29.99,29.99,Available,False,True,True,Hot Pink,EE606F,"['Hot Pink', 'Light dusty pink']","['EE606F', 'DAB6B6']","['3T (2-3Y)', '5T (4-5Y)', '4T (3-4Y)', '6X (6-7Y)', '6 (5-6Y)', '8 (8-9Y)', '7 (7-8Y)', '10 (9-10Y)']","['3T (2-3Y)', '5T (4-5Y)', '4T (3-4Y)', '6X (6-7Y)', '6 (5-6Y)', '8 (8-9Y)', '7 (7-8Y)', '10 (9-10Y)']",8,https://image.hm.com/assets/hm/e3/8e/e38ee3ecd372427b64c056ed0c6e62b9c9fbe243.jpg,https://image.hm.com/assets/hm/e3/8e/e38ee3ecd372427b64c056ed0c6e62b9c9fbe243.jpg,"['https://image.hm.com/assets/hm/c8/fd/c8fd21b6c74876fb672f80b8dca6b8e22a108f0f.jpg', 'https://image.hm.com/assets/hm/ac/37/ac3709ea627b95ddaf5490bffd809bf324b22a2a.jpg']",kids_adorables_viewall_girl,view all,en_us,1,
1328258001,OzU7IzsxMzI4MjU4MDAxOyM7IzsvZmFzaGlvbi9ERVNLVE9QL1NFQVJDSF9QQUdFL1NFQVJDSF9SRVNVTFQ7IzsjO09CSkVDVElWRSQ7Mjs0NzsjOyM7Izs_e4,2-Piece Ruffle-Trimmed Terry Set,H&M,https://www2.hm.com/en_us/productpage.1328258001.html,$29.99,29.99,29.99,29.99,Available,False,True,True,Light dusty pink,DAB6B6,"['Light dusty pink', 'Hot Pink']","['DAB6B6', 'EE606F']","['3T (2-3Y)', '4T (3-4Y)', '6 (5-6Y)', '6X (6-7Y)', '7 (7-8Y)', '8 (8-9Y)', '10 (9-10Y)']","['3T (2-3Y)', '4T (3-4Y)', '6 (5-6Y)', '6X (6-7Y)', '7 (7-8Y)', '8 (8-9Y)', '10 (9-10Y)']",7,https://image.hm.com/assets/hm/a1/4f/a14f56fdcf83b09993609e3742491436462c0582.jpg,https://image.hm.com/assets/hm/a1/4f/a14f56fdcf83b09993609e3742491436462c0582.jpg,"['https://image.hm.com/assets/hm/88/ea/88eac022a7e16c7cbcadec4c58da562454905097.jpg', 'https://image.hm.com/assets/hm/33/71/33711f4f4b2b80e4fc5abaf94f19083023f5f673.jpg']",kids_adorables_viewall_girl,view all,en_us,1,
1275732004,OzU7IzsxMjc1NzMyMDA0OyM7IzsvZmFzaGlvbi9ERVNLVE9QL1NFQVJDSF9QQUdFL1NFQVJDSF9SRVNVTFQ7IzsjO09CSkVDVElWRSQ7Mzs0NzsjOyM7Izs_e4,Tiered-Collar Cotton Blouse,H&M,https://www2.hm.com/en_us/productpage.1275732004.html,$24.99,24.99,24.99,24.99,Available,False,True,True,Yellow/floral,F0E6A0,"['Yellow/floral', 'White']","['F0E6A0', 'EEEDE1']","['4T (3-4Y)', '5T (4-5Y)', '3T (2-3Y)', '7 (7-8Y)', '8 (8-9Y)', '6 (5-6Y)', '6X (6-7Y)', '10 (9-10Y)']","['4T (3-4Y)', '5T (4-5Y)', '3T (2-3Y)', '7 (7-8Y)', '8 (8-9Y)', '6 (5-6Y)', '6X (6-7Y)']",8,https://image.hm.com/assets/hm/98/c2/98c219278d134c7424dbebaa15d6c5969d9f9c43.jpg,https://image.hm.com/assets/hm/98/c2/98c219278d134c7424dbebaa15d6c5969d9f9c43.jpg,['https://image.hm.com/assets/hm/57/9b/579bb7bd8e71e5c261faf52bf505c881580a82ab.jpg'],kids_adorables_viewall_girl,view all,en_us,1,['10 (9-10Y)']
1331606001,OzU7IzsxMzMxNjA2MDAxOyM7IzsvZmFzaGlvbi9ERVNLVE9QL1NFQVJDSF9QQUdFL1NFQVJDSF9SRVNVTFQ7IzsjO09CSkVDVElWRSQ7NDs0NzsjOyM7Izs_e4,Empire-Waist Cotton Dress,H&M,https://www2.hm.com/en_us/productpage.1331606001.html,$39.99,39.99,39.99,39.99,Available,False,True,True,Light blue,9FA9BE,['Light blue'],['9FA9BE'],"['4T (3-4Y)', '5T (4-5Y)', '3T (2-3Y)', '7 (7-8Y)', '8 (8-9Y)', '6 (5-6Y)', '6X (6-7Y)', '10 (9-10Y)']","['4T (3-4Y)', '5T (4-5Y)', '3T (2-3Y)', '7 (7-8Y)', '8 (8-9Y)', '6 (5-6Y)', '6X (6-7Y)', '10 (9-10Y)']",8,https://image.hm.com/assets/hm/9b/d5/9bd59169dd97e765c3c37ab7afc485b9f2d9d997.jpg,https://image.hm.com/assets/hm/9b/d5/9bd59169dd97e765c3c37ab7afc485b9f2d9d997.jpg,"['https://image.hm.com/assets/hm/a0/9e/a09e3777c912d3dc685bf30f512942b532f30c10.jpg', 'https://image.hm.com/assets/hm/22/f3/22f3798cf37083fc24bd76b6727a7f7072873251.jpg', 'https://image.hm.com/assets/hm/ad/02/ad02eeafc57513d45adb6cfaffc457f542d15724.jpg']",kids_adorables_viewall_girl,view all,en_us,1,
1321107002,OzU7IzsxMzIxMTA3MDAyOyM7IzsvZmFzaGlvbi9ERVNLVE9QL1NFQVJDSF9QQUdFL1NFQVJDSF9SRVNVTFQ7IzsjO09CSkVDVElWRSQ7NTs0NzsjOyM7Izs_e4,Flutter-Sleeved Cotton Dress,H&M,https://www2.hm.com/en_us/productpage.1321107002.html,$34.99,34.99,34.99,34.99,Available,False,True,False,Light khaki green/raspberries,888D82,"['Light khaki green/raspberries', 'Pink/floral']","['888D82', 'D37CA3']","['3T (2-3Y)', '10 (9-10Y)', '7 (7-8Y)', '8 (8-9Y)', '6 (5-6Y)', '6X (6-7Y)', '4T (3-4Y)', '5T (4-5Y)']","['3T (2-3Y)', '10 (9-10Y)', '7 (7-8Y)', '8 (8-9Y)', '6 (5-6Y)', '6X (6-7Y)', '4T (3-4Y)', '5T (4-5Y)']",8,https://image.hm.com/assets/hm/4a/b8/4ab826c6179c4090a1af87530f577a696bcc562e.jpg,https://image.hm.com/assets/hm/e4/f5/e4f5d9064e89960cdf6423ba7c01df07ebe85d1c.jpg,"['https://image.hm.com/assets/hm/ae/a7/aea78cafacdd81d69e2f7b7cfa61732da723e191.jpg', 'https://image.hm.com/assets/hm/16/a8/16a8adfe1d9394f075fa7b098983b155d47b5680.jpg', 'https://image.hm.com/assets/hm/6e/ea/6eea2bd028ccb463f96eb6b0d78c170ec57e1529.jpg']",kids_adorables_viewall_girl,view all,en_us,1,
1231050010,OzU7IzsxMjMxMDUwMDEwOyM7IzsvZmFzaGlvbi9ERVNLVE9QL1NFQVJDSF9QQUdFL1NFQVJDSF9SRVNVTFQ7IzsjO09CSkVDVElWRSQ7Njs0NzsjOyM7Izs_e4,Ribbed Cotton Leggings,H&M,https://www2.hm.com/en_us/productpage.1231050010.html,$12.99,12.99,12.99,12.99,Available,False,True,False,White,EEEDE1,"['White', 'Beige melange', 'Black', 'Light dusty pink', 'Navy blue']","['EEEDE1', 'C0A499', '333538', 'C7A098', '40424E']","['4T (3-4Y)', '3T (2-3Y)', '8 (8-9Y)', '10 (9-10Y)', '5T (4-5Y)', '6 (5-6Y)', '6X (6-7Y)', '7 (7-8Y)']","['4T (3-4Y)', '3T (2-3Y)', '8 (8-9Y)', '10 (9-10Y)', '5T (4-5Y)', '6 (5-6Y)', '6X (6-7Y)', '7 (7-8Y)']",8,https://image.hm.com/assets/hm/85/03/8503e479016a317fae8aea3892ea576741085f7d.jpg,https://image.hm.com/assets/hm/85/03/8503e479016a317fae8aea3892ea576741085f7d.jpg,['https://image.hm.com/assets/hm/f2/f1/f2f18fad18bc4f14ebf93fd6ed125076eb7b8757.jpg'],kids_adorables_viewall_girl,view all,en_us,1,
1253573002,OzU7IzsxMjUzNTczMDAyOyM7IzsvZmFzaGlvbi9ERVNLVE9QL1NFQVJDSF9QQUdFL1NFQVJDSF9SRVNVTFQ7IzsjO09CSkVDVElWRSQ7Nzs0NzsjOyM7Izs_e4,Cotton Muslin Dress,H&M,https://www2.hm.com/en_us/productpage.1253573002.html,$27.99,27.99,27.99,27.99,Available,False,True,False,White,EEEDE1,"['White', 'Light dusty pink']","['EEEDE1', 'DAB6B6']","['6X (6-7Y)', '7 (7-8Y)', '5T (4-5Y)', '6 (5-6Y)', '3T (2-3Y)', '4T (3-4Y)', '8 (8-9Y)', '10 (9-10Y)']","['6X (6-7Y)', '7 (7-8Y)', '5T (4-5Y)', '6 (5-6Y)', '3T (2-3Y)', '4T (3-4Y)', '8 (8-9Y)', '10 (9-10Y)']",8,https://image.hm.com/assets/hm/b2/38/b238d2ed3dd048cb54271c86b16cb6a67053ba08.jpg,https://image.hm.com/assets/hm/be/f8/bef8d484a55b57b971e800c8a96ce345fc1b703e.jpg,"['https://image.hm.com/assets/hm/e8/ce/e8ce3289917fd29095a66090ab5a9a64566ff3a8.jpg', 'https://image.hm.com/assets/hm/06/72/06729704543c382e7c585e4ea78de766c50ec01c.jpg', 'https://image.hm.com/assets/hm/b3/d4/b3d4a08c844de29f93b4bb60c7001c06b83ee66b.jpg']",kids_adorables_viewall_girl,view all,en_us,1,
1275732005,OzU7IzsxMjc1NzMyMDA1OyM7IzsvZmFzaGlvbi9ERVNLVE9QL1NFQVJDSF9QQUdFL1NFQVJDSF9SRVNVTFQ7IzsjO09CSkVDVElWRSQ7ODs0NzsjOyM7Izs_e4,Tiered-Collar Cotton Blouse,H&M,https://www2.hm.com/en_us/productpage.1275732005.html,$24.99,24.99,24.99,24.99,Available,False,True,True,White,EEEDE1,"['White', 'Yellow/floral']","['EEEDE1', 'F0E6A0']","['5T (4-5Y)', '6 (5-6Y)', '3T (2-3Y)', '4T (3-4Y)', '8 (8-9Y)', '10 (9-10Y)', '6X (6-7Y)', '7 (7-8Y)']","['5T (4-5Y)', '6 (5-6Y)', '3T (2-3Y)', '4T (3-4Y)', '8 (8-9Y)', '10 (9-10Y)', '6X (6-7Y)', '7 (7-8Y)']",8,https://image.hm.com/assets/hm/66/8c/668c1a0274980a9f7f3360a43aade5d8bab1d2e2.jpg,https://image.hm.com/assets/hm/66/8c/668c1a0274980a9f7f3360a43aade5d8bab1d2e2.jpg,['https://image.hm.com/assets/hm/3a/18/3a1890a554865948f8ab96692bcec0c9ce5f250e.jpg'],kids_adorables_viewall_girl,view all,en_us,1,
1328543001,OzU7IzsxMzI4NTQzMDAxOyM7IzsvZmFzaGlvbi9ERVNLVE9QL1NFQVJDSF9QQUdFL1NFQVJDSF9SRVNVTFQ7IzsjO09CSkVDVElWRSQ7OTs0NzsjOyM7Izs_e4,Cotton Muslin Joggers,H&M,https://www2.hm.com/en_us/productpage.1328543001.html,$24.99,24.99,24.99,24.99,Available,False,True,True,Light brown,8D7C6D,"['Light brown', 'Navy blue']","['8D7C6D', '545B6F']","['3T (2-3Y)', '7 (7-8Y)', '6X (6-7Y)', '10 (9-10Y)', '8 (8-9Y)', '4T (3-4Y)', '6 (5-6Y)', '5T (4-5Y)']","['3T (2-3Y)', '7 (7-8Y)', '6X (6-7Y)', '10 (9-10Y)', '8 (8-9Y)', '4T (3-4Y)', '6 (5-6Y)', '5T (4-5Y)']",8,https://image.hm.com/assets/hm/4e/85/4e85739020ab46c8168cbe6568b188be543626e5.jpg,https://image.hm.com/assets/hm/4e/85/4e85739020ab46c8168cbe6568b188be543626e5.jpg,['https://image.hm.com/assets/hm/a7/75/a77565d1ded6534941a1a798d1e8376c058be979.jpg'],kids_adorables_viewall_boy,view all,en_us,1,
1231050002,OzU7IzsxMjMxMDUwMDAyOyM7IzsvZmFzaGlvbi9ERVNLVE9QL1NFQVJDSF9QQUdFL1NFQVJDSF9SRVNVTFQ7IzsjO09CSkVDVElWRSQ7MTA7NDc7IzsjOyM7_e4,Ribbed Cotton Leggings,H&M,https://www2.hm.com/en_us/productpage.1231050002.html,$12.99,12.99,12.99,12.99,Available,False,True,False,Beige melange,C0A499,"['Beige melange', 'White', 'Black', 'Light dusty pink', 'Navy blue']","['C0A499', 'EEEDE1', '333538', 'C7A098', '40424E']","['6X (6-7Y)', '6 (5-6Y)', '5T (4-5Y)', '4T (3-4Y)', '3T (2-3Y)', '10 (9-10Y)', '8 (8-9Y)', '7 (7-8Y)']","['6X (6-7Y)', '6 (5-6Y)', '5T (4-5Y)', '4T (3-4Y)', '3T (2-3Y)', '10 (9-10Y)', '8 (8-9Y)', '7 (7-8Y)']",8,https://image.hm.com/assets/hm/0f/41/0f41f72ed7bb57d5602e45ed3661200cce1450cb.jpg,https://image.hm.com/assets/hm/18/70/187041da74ae4565b9c9432b0f364ca9c520bc7f.jpg,"['https://image.hm.com/assets/hm/62/43/6243a1741bc2e6494a336c6acf8ee1df48510203.jpg', 'https://image.hm.com/assets/hm/48/f6/48f664eace563cd902b38bf2bca26731e3cded67.jpg', 'https://image.hm.com/assets/hm/05/da/05da644d8c33d86500f0520df85731844221c31d.jpg']",kids_adorables_viewall_girl,view all,en_us,1,
1320695001,OzU7IzsxMzIwNjk1MDAxOyM7IzsvZmFzaGlvbi9ERVNLVE9QL1NFQVJDSF9QQUdFL1NFQVJDSF9SRVNVTFQ7IzsjO09CSkVDVElWRSQ7MTE7NDc7IzsjOyM7_e4,Linen Shorts,H&M,https://www2.hm.com/en_us/productpage.1320695001.html,$19.99,19.99,19.99,19.99,Available,False,True,True,Light beige,C0BBAD,"['Light beige', 'Light dusty pink', 'Hot pink']","['C0BBAD', 'FFFFFF', 'EE606F']","['4T (3-4Y)', '6 (5-6Y)', '5T (4-5Y)', '7 (7-8Y)', '6X (6-7Y)', '10 (9-10Y)', '8 (8-9Y)', '3T (2-3Y)']","['4T (3-4Y)', '6 (5-6Y)', '5T (4-5Y)', '7 (7-8Y)', '6X (6-7Y)', '10 (9-10Y)', '8 (8-9Y)', '3T (2-3Y)']",8,https://image.hm.com/assets/hm/5b/7f/5b7fa29c8b39ae2211e3fd6476212b1980f68052.jpg,https://image.hm.com/assets/hm/5b/7f/5b7fa29c8b39ae2211e3fd6476212b1980f68052.jpg,['https://image.hm.com/assets/hm/fb/50/fb50114b3adb2571b476637db8f8b0d43175d734.jpg'],kids_adorables_viewall_girl,view all,en_us,1,
1329823002,OzU7IzsxMzI5ODIzMDAyOyM7IzsvZmFzaGlvbi9ERVNLVE9QL1NFQVJDSF9QQUdFL1NFQVJDSF9SRVNVTFQ7IzsjO09CSkVDVElWRSQ7MTI7NDc7IzsjOyM7_e4,Printed Twill Shorts,H&M,https://www2.hm.com/en_us/productpage.1329823002.html,$24.99,24.99,24.99,24.99,Available,False,True,True,White/floral,DFD8C9,"['White/floral', 'Cream/lemons']","['DFD8C9', 'DFD8C9']","['3T (2-3Y)', '6 (5-6Y)', '6X (6-7Y)', '4T (3-4Y)', '5T (4-5Y)', '10 (9-10Y)', '7 (7-8Y)', '8 (8-9Y)']","['3T (2-3Y)', '6 (5-6Y)', '6X (6-7Y)', '4T (3-4Y)', '5T (4-5Y)', '10 (9-10Y)', '7 (7-8Y)', '8 (8-9Y)']",8,https://image.hm.com/assets/hm/78/ad/78adf519f540bfe22ee24b73e2d67bc96438b68e.jpg,https://image.hm.com/assets/hm/78/ad/78adf519f540bfe22ee24b73e2d67bc96438b68e.jpg,"['https://image.hm.com/assets/hm/86/cf/86cf866e8d80b10786dc11b27a5f6606c1278df4.jpg', 'https://image.hm.com/assets/hm/86/39/863907c2fcd4af86e32abf906d944ab7b9876c77.jpg']",kids_adorables_viewall_girl,view all,en_us,1,
1329254002,OzU7IzsxMzI5MjU0MDAyOyM7IzsvZmFzaGlvbi9ERVNLVE9QL1NFQVJDSF9QQUdFL1NFQVJDSF9SRVNVTFQ7IzsjO09CSkVDVElWRSQ7MTM7NDc7IzsjOyM7_e4,Printed Cotton Skirt,H&M,https://www2.hm.com/en_us/productpage.1329254002.html,$24.99,24.99,24.99,24.99,Available,False,True,True,Yellow/floral,F3DA97,['Yellow/floral'],['F3DA97'],"['8/10 (8-10Y)', '5T/6 (4-6Y)', '3/4T (2-4Y)', '6X/7 (6-8Y)']","['5T/6 (4-6Y)', '3/4T (2-4Y)', '6X/7 (6-8Y)']",4,https://image.hm.com/assets/hm/e4/b7/e4b7b0b7e965cc303e871a23d1fd0c701ccce5c7.jpg,https://image.hm.com/assets/hm/e4/b7/e4b7b0b7e965cc303e871a23d1fd0c701ccce5c7.jpg,['https://image.hm.com/assets/hm/fa/48/fa48b57b82482dfbced4768178883ec0ec1dc33d.jpg'],kids_adorables_viewall_girl,view all,en_us,1,['8/10 (8-10Y)']
1329823001,OzU7IzsxMzI5ODIzMDAxOyM7IzsvZmFzaGlvbi9ERVNLVE9QL1NFQVJDSF9QQUdFL1NFQVJDSF9SRVNVTFQ7IzsjO09CSkVDVElWRSQ7MTQ7NDc7IzsjOyM7_e4,Printed Twill Shorts,H&M,https://www2.hm.com/en_us/productpage.1329823001.html,$24.99,24.99,24.99,24.99,Available,False,True,True,Cream/lemons,DFD8C9,"['Cream/lemons', 'White/floral']","['DFD8C9', 'DFD8C9']","['3T (2-3Y)', '5T (4-5Y)', '6 (5-6Y)', '4T (3-4Y)', '8 (8-9Y)', '10 (9-10Y)', '6X (6-7Y)', '7 (7-8Y)']","['3T (2-3Y)', '5T (4-5Y)', '6 (5-6Y)', '4T (3-4Y)', '8 (8-9Y)', '10 (9-10Y)', '6X (6-7Y)', '7 (7-8Y)']",8,https://image.hm.com/assets/hm/49/df/49df983858bc73955f0e5b7ea38c816f4868e736.jpg,https://image.hm.com/assets/hm/49/df/49df983858bc73955f0e5b7ea38c816f4868e736.jpg,"['https://image.hm.com/assets/hm/e7/cb/e7cbf8372824136b31e16bff30b601185007348a.jpg', 'https://image.hm.com/assets/hm/c3/b2/c3b25f725a200f81d0d1ebf5c301ce1f3da46636.jpg']",kids_adorables_viewall_girl,view all,en_us,1,
1328543003,OzU7IzsxMzI4NTQzMDAzOyM7IzsvZmFzaGlvbi9ERVNLVE9QL1NFQVJDSF9QQUdFL1NFQVJDSF9SRVNVTFQ7IzsjO09CSkVDVElWRSQ7MTU7NDc7IzsjOyM7_e4,Cotton Muslin Joggers,H&M,https://www2.hm.com/en_us/productpage.1328543003.html,$24.99,24.99,24.99,24.99,Available,False,True,False,Navy blue,545B6F,"['Navy blue', 'Light brown']","['545B6F', '8D7C6D']","['3T (2-3Y)', '8 (8-9Y)', '10 (9-10Y)', '6X (6-7Y)', '7 (7-8Y)', '5T (4-5Y)', '6 (5-6Y)', '4T (3-4Y)']","['3T (2-3Y)', '8 (8-9Y)', '10 (9-10Y)', '6X (6-7Y)', '7 (7-8Y)', '5T (4-5Y)', '6 (5-6Y)', '4T (3-4Y)']",8,https://image.hm.com/assets/hm/2a/3d/2a3d72318a1cc739eea8eb482530e8df7c45834e.jpg,https://image.hm.com/assets/hm/2a/3d/2a3d72318a1cc739eea8eb482530e8df7c45834e.jpg,['https://image.hm.com/assets/hm/bb/f9/bbf9b6c16237ff4216c02b7b04d735569b8ec23c.jpg'],kids_adorables_viewall_boy,view all,en_us,1,
1320695003,OzU7IzsxMzIwNjk1MDAzOyM7IzsvZmFzaGlvbi9ERVNLVE9QL1NFQVJDSF9QQUdFL1NFQVJDSF9SRVNVTFQ7IzsjO09CSkVDVElWRSQ7MTY7NDc7IzsjOyM7_e4,Linen Shorts,H&M,https://www2.hm.com/en_us/productpage.1320695003.html,$19.99,19.99,19.99,19.99,Available,False,True,True,Light dusty pink,FFFFFF,"['Light dusty pink', 'Light beige', 'Hot pink']","['FFFFFF', 'C0BBAD', 'EE606F']","['4T (3-4Y)', '6 (5-6Y)', '5T (4-5Y)', '7 (7-8Y)', '6X (6-7Y)', '10 (9-10Y)', '8 (8-9Y)', '3T (2-3Y)']","['4T (3-4Y)', '6 (5-6Y)', '5T (4-5Y)', '7 (7-8Y)', '6X (6-7Y)', '10 (9-10Y)', '8 (8-9Y)', '3T (2-3Y)']",8,https://image.hm.com/assets/hm/b5/d6/b5d600b5acd41de1bb566b7bc00601b920960b62.jpg,https://image.hm.com/assets/hm/b5/d6/b5d600b5acd41de1bb566b7bc00601b920960b62.jpg,['https://image.hm.com/assets/hm/6e/b2/6eb2dcfea7cca6ed660a26175ad8ca4aaac1249a.jpg'],kids_adorables_viewall_girl,view all,en_us,1,
1233632009,OzU7IzsxMjMzNjMyMDA5OyM7IzsvZmFzaGlvbi9ERVNLVE9QL1NFQVJDSF9QQUdFL1NFQVJDSF9SRVNVTFQ7IzsjO09CSkVDVElWRSQ7MTc7NDc7IzsjOyM7_e4,Wide Leg Jeans,H&M,https://www2.hm.com/en_us/productpage.1233632009.html,$29.99,29.99,29.99,29.99,Available,False,True,False,Light denim blue,8898AC,"['Light denim blue', 'Blue']","['8898AC', '57779A']","['5T (4-5Y)', '6 (5-6Y)', '4T (3-4Y)', '8 (8-9Y)', '10 (9-10Y)', '6X (6-7Y)', '7 (7-8Y)', '3T (2-3Y)']","['5T (4-5Y)', '6 (5-6Y)', '4T (3-4Y)', '8 (8-9Y)', '10 (9-10Y)', '6X (6-7Y)', '7 (7-8Y)', '3T (2-3Y)']",8,https://image.hm.com/assets/hm/36/f1/36f12617fb16fe0fe18c3fc4863ac192d55a3cca.jpg,https://image.hm.com/assets/hm/36/f1/36f12617fb16fe0fe18c3fc4863ac192d55a3cca.jpg,"['https://image.hm.com/assets/hm/66/00/6600932a3418886c22966b7af1434e854e8579b6.jpg', 'https://image.hm.com/assets/hm/53/0c/530cb5699b1b108b0cdfd624192190a5023a9a19.jpg']",kids_adorables_viewall_girl,view all,en_us,1,
1233750007,OzU7IzsxMjMzNzUwMDA3OyM7IzsvZmFzaGlvbi9ERVNLVE9QL1NFQVJDSF9QQUdFL1NFQVJDSF9SRVNVTFQ7IzsjO09CSkVDVElWRSQ7MTg7NDc7IzsjOyM7_e4,Joggers,H&M,https://www2.hm.com/en_us/productpage.1233750007.html,$24.99,24.99,24.99,24.99,Available,False,True,False,Khaki green,888D82,['Khaki green'],['888D82'],"['10 (9-10Y)', '8 (8-9Y)', '7 (7-8Y)', '3T (2-3Y)', '6X (6-7Y)', '6 (5-6Y)', '5T (4-5Y)', '4T (3-4Y)']","['10 (9-10Y)', '8 (8-9Y)', '7 (7-8Y)', '3T (2-3Y)', '6X (6-7Y)', '6 (5-6Y)', '5T (4-5Y)', '4T (3-4Y)']",8,https://image.hm.com/assets/hm/7e/6f/7e6fb67a2fc7f0e0a052b45c2a3643dc10d82d48.jpg,https://image.hm.com/assets/hm/7e/6f/7e6fb67a2fc7f0e0a052b45c2a3643dc10d82d48.jpg,['https://image.hm.com/assets/hm/9b/5e/9b5ec135d10d22c931309b3e82d2c24e5fcb761c.jpg'],kids_adorables_viewall_boy,view all,en_us,1,
1231062004,OzU7IzsxMjMxMDYyMDA0OyM7IzsvZmFzaGlvbi9ERVNLVE9QL1NFQVJDSF9QQUdFL1NFQVJDSF9SRVNVTFQ7IzsjO09CSkVDVElWRSQ7MTk7NDc7IzsjOyM7_e4,Tapered Cotton-blend Jeans,H&M,https://www2.hm.com/en_us/productpage.1231062004.html,$29.99,29.99,29.99,29.99,Available,False,True,False,Light denim blue,9FA8B6,"['Light denim blue', 'Denim blue', 'Light khaki green']","['9FA8B6', '79829D', '888D82']","['6X (6-7Y)', '7 (7-8Y)', '5T (4-5Y)', '6 (5-6Y)', '4T (3-4Y)', '3T (2-3Y)', '8 (8-9Y)', '10 (9-10Y)']","['6X (6-7Y)', '7 (7-8Y)', '5T (4-5Y)', '6 (5-6Y)', '4T (3-4Y)', '3T (2-3Y)', '8 (8-9Y)', '10 (9-10Y)']",8,https://image.hm.com/assets/hm/11/07/1107a1234beb7d74de64ca34929010c31a65b6fc.jpg,https://image.hm.com/assets/hm/23/56/235621943b07c31aabe9f787c583a76680e76fb1.jpg,"['https://image.hm.com/assets/hm/c4/48/c44844994b914072bbd49c698204f324c4ecdd92.jpg', 'https://image.hm.com/assets/hm/6e/72/6e723775e3000f34fb2500079b4624fa128e2c9b.jpg', 'https://image.hm.com/assets/hm/c0/27/c0272281c798b7909a31cac42d295307d9d5bcd2.jpg']",kids_adorables_viewall_boy,view all,en_us,1,
1231062002,OzU7IzsxMjMxMDYyMDAyOyM7IzsvZmFzaGlvbi9ERVNLVE9QL1NFQVJDSF9QQUdFL1NFQVJDSF9SRVNVTFQ7IzsjO09CSkVDVElWRSQ7MjA7NDc7IzsjOyM7_e4,Tapered Cotton-blend Jeans,H&M,https://www2.hm.com/en_us/productpage.1231062002.html,$29.99,29.99,29.99,29.99,Available,False,True,False,Denim blue,79829D,"['Denim blue', 'Light denim blue', 'Light khaki green']","['79829D', '9FA8B6', '888D82']","['4T (3-4Y)', '6 (5-6Y)', '5T (4-5Y)', '3T (2-3Y)', '7 (7-8Y)', '6X (6-7Y)', '10 (9-10Y)', '8 (8-9Y)']","['4T (3-4Y)', '6 (5-6Y)', '5T (4-5Y)', '3T (2-3Y)', '7 (7-8Y)', '6X (6-7Y)', '10 (9-10Y)', '8 (8-9Y)']",8,https://image.hm.com/assets/hm/7e/c4/7ec456ebd53e9d8b40293a59089bea6dd5e8f6f0.jpg,https://image.hm.com/assets/hm/52/63/52632f07e2e2f19e271f3ca503a53cbef1de71f6.jpg,"['https://image.hm.com/assets/hm/28/b7/28b725a2743318451251e2af441353d4fc3ce1ad.jpg', 'https://image.hm.com/assets/hm/60/c8/60c82f6856c7acc4fe297768027a798be0a9bb40.jpg', 'https://image.hm.com/assets/hm/f6/b9/f6b9a40cdd74e3c9cd9354615e26c5904557fd75.jpg', 'https://image.hm.com/assets/hm/5a/25/5a256b6f4aacfd059162800ec20fb9a00cb8d8c7.jpg']",kids_adorables_viewall_boy,view all,en_us,1,
1247449001,OzU7IzsxMjQ3NDQ5MDAxOyM7IzsvZmFzaGlvbi9ERVNLVE9QL1NFQVJDSF9QQUdFL1NFQVJDSF9SRVNVTFQ7IzsjO09CSkVDVElWRSQ7MjE7NDc7IzsjOyM7_e4,Cotton Tote Bag,H&M,https://www2.hm.com/en_us/productpage.1247449001.html,$4.99,4.99,4.99,4.99,Available,False,True,False,Cream,DFD8C9,['Cream'],['DFD8C9'],['15x17'],['15x17'],1,https://image.hm.com/assets/hm/0d/91/0d9133d5670c4d8fc79fb2c87806a4334aaaf9f7.jpg,https://image.hm.com/assets/hm/0d/91/0d9133d5670c4d8fc79fb2c87806a4334aaaf9f7.jpg,['https://image.hm.com/assets/hm/8f/59/8f59ddea0d72760fa97781362fb560ec9f3c977f.jpg'],kids_adorables_viewall_boy,view all,en_us,1,
1233632001,OzU7IzsxMjMzNjMyMDAxOyM7IzsvZmFzaGlvbi9ERVNLVE9QL1NFQVJDSF9QQUdFL1NFQVJDSF9SRVNVTFQ7IzsjO09CSkVDVElWRSQ7MjI7NDc7IzsjOyM7_e4,Wide Leg Jeans,H&M,https://www2.hm.com/en_us/productpage.1233632001.html,$29.99,29.99,29.99,29.99,Available,False,True,False,Blue,57779A,"['Blue', 'Light denim blue']","['57779A', '8898AC']","['5T (4-5Y)', '6 (5-6Y)', '4T (3-4Y)', '3T (2-3Y)', '8 (8-9Y)', '10 (9-10Y)', '6X (6-7Y)', '7 (7-8Y)']","['5T (4-5Y)', '6 (5-6Y)', '4T (3-4Y)', '3T (2-3Y)', '8 (8-9Y)', '10 (9-10Y)', '6X (6-7Y)']",8,https://image.hm.com/assets/hm/b5/8d/b58d458d2dcd5c5735ddba9489867b772d9717f2.jpg,https://image.hm.com/assets/hm/e5/67/e56746ef3514c6a2d5034acbbc47e625abee104e.jpg,"['https://image.hm.com/assets/hm/33/20/3320f6a85f14a6cf20d51514ca6995ce38d5b606.jpg', 'https://image.hm.com/assets/hm/e7/fb/e7fbb0a4403d3712953b8345d5e676570cb6057b.jpg', 'https://image.hm.com/assets/hm/24/74/24744eacbde79b86a3df215f17c680f9f42669d6.jpg', 'https://image.hm.com/assets/hm/dd/5c/dd5c70d0051ba57947ee8e448120dc08c36dc473.jpg', 'https://image.hm.com/assets/hm/ac/73/ac739c67c891da21774f44f0acbc6f8e336681a5.jpg']",kids_adorables_viewall_girl,view all,en_us,1,['7 (7-8Y)']
1263181001,OzU7IzsxMjYzMTgxMDAxOyM7IzsvZmFzaGlvbi9ERVNLVE9QL1NFQVJDSF9QQUdFL1NFQVJDSF9SRVNVTFQ7IzsjO09CSkVDVElWRSQ7MjM7NDc7IzsjOyM7_e4,Patterned Seersucker Skirt,H&M,https://www2.hm.com/en_us/productpage.1263181001.html,$26.99,26.99,26.99,26.99,Available,False,True,False,Dark peach/birds,B79480,['Dark peach/birds'],['B79480'],"['5T (4-5Y)', '6 (5-6Y)', '4T (3-4Y)', '3T (2-3Y)', '8 (8-9Y)', '10 (9-10Y)', '6X (6-7Y)', '7 (7-8Y)']","['5T (4-5Y)', '6 (5-6Y)', '4T (3-4Y)', '3T (2-3Y)', '8 (8-9Y)', '10 (9-10Y)', '6X (6-7Y)', '7 (7-8Y)']",8,https://image.hm.com/assets/hm/c0/ff/c0ffed7e805e1e9a8e7964a62ede14a41593e274.jpg,https://image.hm.com/assets/hm/c0/ff/c0ffed7e805e1e9a8e7964a62ede14a41593e274.jpg,['https://image.hm.com/assets/hm/7c/4c/7c4cf8b3ccfc36d7366688aae510ceb9f0548e8f.jpg'],kids_adorables_viewall_girl,view all,en_us,1,
1312111002,OzU7IzsxMzEyMTExMDAyOyM7IzsvZmFzaGlvbi9ERVNLVE9QL1NFQVJDSF9QQUdFL1NFQVJDSF9SRVNVTFQ7IzsjO09CSkVDVElWRSQ7MjQ7NDc7IzsjOyM7_e4,Straight-Leg Cotton Joggers,H&M,https://www2.hm.com/en_us/productpage.1312111002.html,$24.99,24.99,24.99,24.99,Available,False,True,False,Navy blue,40424E,"['Navy blue', 'Brown']","['40424E', '4B3D3F']","['10 (9-10Y)', '8 (8-9Y)', '7 (7-8Y)', '6X (6-7Y)', '6 (5-6Y)', '5T (4-5Y)', '4T (3-4Y)', '3T (2-3Y)']","['10 (9-10Y)', '8 (8-9Y)', '7 (7-8Y)', '6X (6-7Y)', '6 (5-6Y)', '5T (4-5Y)', '4T (3-4Y)', '3T (2-3Y)']",8,https://image.hm.com/assets/hm/1f/3b/1f3b3275d7c2aba0ab3d39fd5190490ead36a5ec.jpg,https://image.hm.com/assets/hm/1f/3b/1f3b3275d7c2aba0ab3d39fd5190490ead36a5ec.jpg,['https://image.hm.com/assets/hm/e8/a1/e8a17ab639154de7b807f4b92b34e9d28c31e82e.jpg'],kids_adorables_viewall_boy,view all,en_us,1,
1314526001,OzU7IzsxMzE0NTI2MDAxOyM7IzsvZmFzaGlvbi9ERVNLVE9QL1NFQVJDSF9QQUdFL1NFQVJDSF9SRVNVTFQ7IzsjO09CSkVDVElWRSQ7MjU7NDc7IzsjOyM7_e4,Ruffled Floral Cotton Bedskirt,H&M,https://www2.hm.com/en_us/productpage.1314526001.html,$49.99,49.99,49.99,49.99,Available,False,True,False,Light blue/floral,EEEDE1,['Light blue/floral'],['EEEDE1'],['Single'],['Single'],1,https://image.hm.com/assets/hm/11/86/11864373b6bf081bfb4997c82abb51649d68ccb2.jpg,https://image.hm.com/assets/hm/11/86/11864373b6bf081bfb4997c82abb51649d68ccb2.jpg,"['https://image.hm.com/assets/hm/cf/64/cf64ea5726412f1893b6e92d7aefbc7ea6cebc3f.jpg', 'https://image.hm.com/assets/hm/3d/e1/3de16467fd7783f00b178e337aaee9ba897ccabb.jpg']",kids_adorables_viewall_boy,view all,en_us,1,
1312111001,OzU7IzsxMzEyMTExMDAxOyM7IzsvZmFzaGlvbi9ERVNLVE9QL1NFQVJDSF9QQUdFL1NFQVJDSF9SRVNVTFQ7IzsjO09CSkVDVElWRSQ7MjY7NDc7IzsjOyM7_e4,Straight-Leg Cotton Joggers,H&M,https://www2.hm.com/en_us/productpage.1312111001.html,$24.99,24.99,24.99,24.99,Available,False,True,False,Brown,4B3D3F,"['Brown', 'Navy blue']","['4B3D3F', '40424E']","['8 (8-9Y)', '10 (9-10Y)', '6X (6-7Y)', '7 (7-8Y)', '5T (4-5Y)', '6 (5-6Y)', '4T (3-4Y)', '3T (2-3Y)']","['8 (8-9Y)', '10 (9-10Y)', '6X (6-7Y)', '7 (7-8Y)', '5T (4-5Y)', '6 (5-6Y)', '4T (3-4Y)', '3T (2-3Y)']",8,https://image.hm.com/assets/hm/35/0c/350cf67c3a6b7f0a8c91d261170da4ae8a410270.jpg,https://image.hm.com/assets/hm/85/6e/856e65685e97251ed2e90236c6cb9cd121816690.jpg,"['https://image.hm.com/assets/hm/15/eb/15eb73aae78bdd275213c47ca5190a68af9e4859.jpg', 'https://image.hm.com/assets/hm/d3/82/d382c480ff926a781f43c8f3fabd4ecf20c62f75.jpg']",kids_adorables_viewall_boy,view all,en_us,1,
1254540001,OzU7IzsxMjU0NTQwMDAxOyM7IzsvZmFzaGlvbi9ERVNLVE9QL1NFQVJDSF9QQUdFL1NFQVJDSF9SRVNVTFQ7IzsjO09CSkVDVElWRSQ7Mjc7NDc7IzsjOyM7_e4,2-pack Pima Cotton Jersey Leggings,H&M,https://www2.hm.com/en_us/productpage.1254540001.html,$34.99,34.99,34.99,34.99,Available,False,True,False,Black,333538,['Black'],['333538'],"['10 (9-10Y)', '3T (2-3Y)', '5T (4-5Y)', '4T (3-4Y)', '6X (6-7Y)', '6 (5-6Y)', '8 (8-9Y)', '7 (7-8Y)']","['10 (9-10Y)', '3T (2-3Y)', '5T (4-5Y)', '4T (3-4Y)', '6X (6-7Y)', '6 (5-6Y)', '8 (8-9Y)', '7 (7-8Y)']",8,https://image.hm.com/assets/hm/3e/66/3e662be5cc25f29d82a5c3e6898da73264bffae9.jpg,https://image.hm.com/assets/hm/3e/66/3e662be5cc25f29d82a5c3e6898da73264bffae9.jpg,['https://image.hm.com/assets/hm/09/9a/099a294271c96a3a056baf55f06aab7f8a852738.jpg'],kids_adorables_viewall_girl,view all,en_us,1,
1320695002,OzU7IzsxMzIwNjk1MDAyOyM7IzsvZmFzaGlvbi9ERVNLVE9QL1NFQVJDSF9QQUdFL1NFQVJDSF9SRVNVTFQ7IzsjO09CSkVDVElWRSQ7Mjg7NDc7IzsjOyM7_e4,Linen Shorts,H&M,https://www2.hm.com/en_us/productpage.1320695002.html,$19.99,19.99,19.99,19.99,Available,False,True,False,Hot pink,EE606F,"['Hot pink', 'Light beige', 'Light dusty pink']","['EE606F', 'C0BBAD', 'FFFFFF']","['5T (4-5Y)', '4T (3-4Y)', '6X (6-7Y)', '6 (5-6Y)', '8 (8-9Y)', '7 (7-8Y)', '10 (9-10Y)', '3T (2-3Y)']","['5T (4-5Y)', '4T (3-4Y)', '6 (5-6Y)', '10 (9-10Y)', '3T (2-3Y)']",8,https://image.hm.com/assets/hm/ad/dc/addcf0da7d91c94d719a72bf22d106f7a18eac1d.jpg,https://image.hm.com/assets/hm/ad/dc/addcf0da7d91c94d719a72bf22d106f7a18eac1d.jpg,['https://image.hm.com/assets/hm/09/10/091026720e49f4002841b7b49a6b5d05e01b3eb4.jpg'],kids_adorables_viewall_girl,view all,en_us,1,"['6X (6-7Y)', '8 (8-9Y)', '7 (7-8Y)']"
1231050007,OzU7IzsxMjMxMDUwMDA3OyM7IzsvZmFzaGlvbi9ERVNLVE9QL1NFQVJDSF9QQUdFL1NFQVJDSF9SRVNVTFQ7IzsjO09CSkVDVElWRSQ7Mjk7NDc7IzsjOyM7_e4,Ribbed Cotton Leggings,H&M,https://www2.hm.com/en_us/productpage.1231050007.html,$12.99,12.99,12.99,12.99,Available,False,True,False,Black,333538,"['Black', 'White', 'Beige melange', 'Light dusty pink', 'Navy blue']","['333538', 'EEEDE1', 'C0A499', 'C7A098', '40424E']","['3T (2-3Y)', '4T (3-4Y)', '6 (5-6Y)', '5T (4-5Y)', '7 (7-8Y)', '6X (6-7Y)', '10 (9-10Y)', '8 (8-9Y)']","['3T (2-3Y)', '4T (3-4Y)', '6 (5-6Y)', '5T (4-5Y)', '7 (7-8Y)', '6X (6-7Y)']",8,https://image.hm.com/assets/hm/0a/80/0a8060329cc8ec1fcbdb2ad6734e1cdd7c66a99f.jpg,https://image.hm.com/assets/hm/0a/80/0a8060329cc8ec1fcbdb2ad6734e1cdd7c66a99f.jpg,['https://image.hm.com/assets/hm/27/dc/27dc0921a5772bea9b918a460ac70edf1755e6d8.jpg'],kids_adorables_viewall_girl,view all,en_us,1,"['10 (9-10Y)', '8 (8-9Y)']"
1282317003,OzU7IzsxMjgyMzE3MDAzOyM7IzsvZmFzaGlvbi9ERVNLVE9QL1NFQVJDSF9QQUdFL1NFQVJDSF9SRVNVTFQ7IzsjO09CSkVDVElWRSQ7MzA7NDc7IzsjOyM7_e4,Tiered Muslin Skirt,H&M,https://www2.hm.com/en_us/productpage.1282317003.html,$24.99,24.99,24.99,24.99,Available,False,True,False,Hot pink,EE606F,['Hot pink'],['EE606F'],"['3/4T (2-4Y)', '6X/7 (6-8Y)', '5T/6 (4-6Y)', '8/10 (8-10Y)']","['3/4T (2-4Y)', '6X/7 (6-8Y)', '5T/6 (4-6Y)']",4,https://image.hm.com/assets/hm/ce/a4/cea4d68f6223114e6db6b2142c5904e998a90803.jpg,https://image.hm.com/assets/hm/ce/a4/cea4d68f6223114e6db6b2142c5904e998a90803.jpg,['https://image.hm.com/assets/hm/e2/c8/e2c877b79af38670f4e6922746762759f3194b16.jpg'],kids_adorables_viewall_girl,view all,en_us,1,['8/10 (8-10Y)']
1231044007,OzU7IzsxMjMxMDQ0MDA3OyM7IzsvZmFzaGlvbi9ERVNLVE9QL1NFQVJDSF9QQUdFL1NFQVJDSF9SRVNVTFQ7IzsjO09CSkVDVElWRSQ7MzE7NDc7IzsjOyM7_e4,Cotton Muslin Blouse,H&M,https://www2.hm.com/en_us/productpage.1231044007.html,$29.99,29.99,29.99,29.99,Available,False,True,False,Light pink,C7A098,"['Light pink', 'White']","['C7A098', 'EEEDE1']","['4T (3-4Y)', '3T (2-3Y)', '6 (5-6Y)', '5T (4-5Y)', '7 (7-8Y)', '6X (6-7Y)', '10 (9-10Y)', '8 (8-9Y)']","['4T (3-4Y)', '3T (2-3Y)', '6 (5-6Y)', '5T (4-5Y)', '7 (7-8Y)', '6X (6-7Y)']",8,https://image.hm.com/assets/hm/60/7c/607c2878ee31034d1bec2d53e4021772e80585e0.jpg,https://image.hm.com/assets/hm/60/7c/607c2878ee31034d1bec2d53e4021772e80585e0.jpg,['https://image.hm.com/assets/hm/96/03/9603a192597f7141fb9e0bf3da48e2c484d7c452.jpg'],kids_adorables_viewall_girl,view all,en_us,1,"['10 (9-10Y)', '8 (8-9Y)']"
1318890001,OzU7IzsxMzE4ODkwMDAxOyM7IzsvZmFzaGlvbi9ERVNLVE9QL1NFQVJDSF9QQUdFL1NFQVJDSF9SRVNVTFQ7IzsjO09CSkVDVElWRSQ7MzI7NDc7IzsjOyM7_e4,Linen Pants,H&M,https://www2.hm.com/en_us/productpage.1318890001.html,$29.99,29.99,29.99,29.99,Available,False,True,False,Dusty pink,B48D7E,['Dusty pink'],['B48D7E'],"['3T (2-3Y)', '4T (3-4Y)', '6 (5-6Y)', '5T (4-5Y)', '7 (7-8Y)', '6X (6-7Y)', '10 (9-10Y)', '8 (8-9Y)']","['3T (2-3Y)', '4T (3-4Y)', '5T (4-5Y)', '7 (7-8Y)', '10 (9-10Y)']",8,https://image.hm.com/assets/hm/1b/45/1b45acfca9b2ee2aedcca75dc5dcd44562ee3189.jpg,https://image.hm.com/assets/hm/1b/45/1b45acfca9b2ee2aedcca75dc5dcd44562ee3189.jpg,['https://image.hm.com/assets/hm/6f/69/6f6908ed1ab2ec2bf3f9af388edf24c0286869da.jpg'],kids_adorables_viewall_girl,view all,en_us,1,"['6 (5-6Y)', '6X (6-7Y)', '8 (8-9Y)']"
1323658001,OzU7IzsxMzIzNjU4MDAxOyM7IzsvZmFzaGlvbi9ERVNLVE9QL1NFQVJDSF9QQUdFL1NFQVJDSF9SRVNVTFQ7IzsjO09CSkVDVElWRSQ7MzM7NDc7IzsjOyM7_e4,Ruffle-Trimmed Denim Shirt,H&M,https://www2.hm.com/en_us/productpage.1323658001.html,$34.99,34.99,34.99,34.99,Available,False,True,False,Denim blue/floral,79829D,['Denim blue/floral'],['79829D'],"['6X (6-7Y)', '6 (5-6Y)', '5T (4-5Y)', '4T (3-4Y)', '10 (9-10Y)', '8 (8-9Y)', '7 (7-8Y)', '3T (2-3Y)']","['6X (6-7Y)', '6 (5-6Y)', '5T (4-5Y)', '4T (3-4Y)', '8 (8-9Y)', '7 (7-8Y)', '3T (2-3Y)']",8,https://image.hm.com/assets/hm/2c/6a/2c6aefdd2dd76e141487f2c3280f11712f46bb2e.jpg,https://image.hm.com/assets/hm/98/72/9872c972395692d2155428589ab371ef382bd4c8.jpg,"['https://image.hm.com/assets/hm/bb/be/bbbe1098ab4d902deee79d058cdc1506a9e9d6ff.jpg', 'https://image.hm.com/assets/hm/6a/74/6a749efd284eb7caf8959e589b831510f2a5f619.jpg', 'https://image.hm.com/assets/hm/5d/b7/5db722ff8f7863c798435e47fa97ea04f3801967.jpg']",kids_adorables_viewall_girl,view all,en_us,1,['10 (9-10Y)']
1320735002,OzU7IzsxMzIwNzM1MDAyOyM7IzsvZmFzaGlvbi9ERVNLVE9QL1NFQVJDSF9QQUdFL1NFQVJDSF9SRVNVTFQ7IzsjO09CSkVDVElWRSQ7MzQ7NDc7IzsjOyM7_e4,Linen Shorts,H&M,https://www2.hm.com/en_us/productpage.1320735002.html,$24.99,24.99,24.99,24.99,Available,False,True,True,Light khaki green,FFFFFF,['Light khaki green'],['FFFFFF'],"['8 (8-9Y)', '10 (9-10Y)', '6X (6-7Y)', '7 (7-8Y)', '5T (4-5Y)', '6 (5-6Y)', '4T (3-4Y)', '3T (2-3Y)']","['6X (6-7Y)', '7 (7-8Y)', '5T (4-5Y)', '6 (5-6Y)', '4T (3-4Y)', '3T (2-3Y)']",8,https://image.hm.com/assets/hm/04/e1/04e1cf06fd0586472f59f754f521df88d06b6dd0.jpg,https://image.hm.com/assets/hm/04/e1/04e1cf06fd0586472f59f754f521df88d06b6dd0.jpg,"['https://image.hm.com/assets/hm/1d/e1/1de1b87fb916346280af83769adbdc1c30b68ca4.jpg', 'https://image.hm.com/assets/hm/a6/95/a6957c80da283361c04cb6c59a8c383dcf646fb1.jpg']",kids_adorables_viewall_boy,view all,en_us,1,"['8 (8-9Y)', '10 (9-10Y)']"
1317820001,OzU7IzsxMzE3ODIwMDAxOyM7IzsvZmFzaGlvbi9ERVNLVE9QL1NFQVJDSF9QQUdFL1NFQVJDSF9SRVNVTFQ7IzsjO09CSkVDVElWRSQ7MzU7NDc7IzsjOyM7_e4,Cotton Muslin Blouse,H&M,https://www2.hm.com/en_us/productpage.1317820001.html,$24.99,24.99,24.99,24.99,Available,False,True,False,Light beige,DFD8C9,['Light beige'],['DFD8C9'],"['3T (2-3Y)', '10 (9-10Y)', '8 (8-9Y)', '7 (7-8Y)', '6X (6-7Y)', '6 (5-6Y)', '5T (4-5Y)', '4T (3-4Y)']","['3T (2-3Y)', '6X (6-7Y)', '6 (5-6Y)', '4T (3-4Y)']",8,https://image.hm.com/assets/hm/10/8b/108b05f0416d1a515c8256e619737b6dfbbd6e7c.jpg,https://image.hm.com/assets/hm/12/e2/12e253b1dc3c8da23611879e8573e634d1cf72d5.jpg,"['https://image.hm.com/assets/hm/a7/64/a76497c46f4b5827a08a4d0a6b069fdc8bf407c3.jpg', 'https://image.hm.com/assets/hm/b7/b6/b7b6000891a99b600d1f79f37b6ee0ac34b25313.jpg', 'https://image.hm.com/assets/hm/b9/41/b9418506067471b92416233adf58e23600ae1acc.jpg']",kids_adorables_viewall_girl,view all,en_us,1,"['10 (9-10Y)', '8 (8-9Y)', '7 (7-8Y)', '5T (4-5Y)']"
1321107001,OzU7IzsxMzIxMTA3MDAxOyM7IzsvZmFzaGlvbi9ERVNLVE9QL1NFQVJDSF9QQUdFL1NFQVJDSF9SRVNVTFQ7IzsjO09CSkVDVElWRSQ7MzY7NDc7IzsjOyM7_e4,Flutter-Sleeved Cotton Dress,H&M,https://www2.hm.com/en_us/productpage.1321107001.html,$34.99,34.99,34.99,34.99,Available,False,True,False,Pink/floral,D37CA3,"['Pink/floral', 'Light khaki green/raspberries']","['D37CA3', '888D82']","['8 (8-9Y)', '10 (9-10Y)', '6X (6-7Y)', '7 (7-8Y)', '5T (4-5Y)', '6 (5-6Y)', '3T (2-3Y)', '4T (3-4Y)']","['10 (9-10Y)', '6X (6-7Y)', '7 (7-8Y)', '6 (5-6Y)']",8,https://image.hm.com/assets/hm/8f/e6/8fe6b549fedabe502e0a50a0695ece544d72f5a8.jpg,https://image.hm.com/assets/hm/8f/e6/8fe6b549fedabe502e0a50a0695ece544d72f5a8.jpg,['https://image.hm.com/assets/hm/ca/75/ca755b95e7d04d00f4249340c37eca3c762b44e0.jpg'],kids_adorables_viewall_girl,view all,en_us,1,"['8 (8-9Y)', '5T (4-5Y)', '3T (2-3Y)', '4T (3-4Y)']"
1231050008,OzU7IzsxMjMxMDUwMDA4OyM7IzsvZmFzaGlvbi9ERVNLVE9QL1NFQVJDSF9QQUdFL1NFQVJDSF9SRVNVTFQ7IzsjO09CSkVDVElWRSQ7Mzc7NDc7IzsjOyM7_e4,Ribbed Cotton Leggings,H&M,https://www2.hm.com/en_us/productpage.1231050008.html,$12.99,12.99,12.99,12.99,Available,False,True,False,Light dusty pink,C7A098,"['Light dusty pink', 'White', 'Beige melange', 'Black', 'Navy blue']","['C7A098', 'EEEDE1', 'C0A499', '333538', '40424E']","['3T (2-3Y)', '4T (3-4Y)', '5T (4-5Y)', '7 (7-8Y)', '8 (8-9Y)', '6 (5-6Y)', '6X (6-7Y)', '10 (9-10Y)']","['3T (2-3Y)', '4T (3-4Y)', '10 (9-10Y)']",8,https://image.hm.com/assets/hm/a7/cf/a7cfc096d7d0aa2e8311ed0d55e951f269a9d2d8.jpg,https://image.hm.com/assets/hm/a7/cf/a7cfc096d7d0aa2e8311ed0d55e951f269a9d2d8.jpg,['https://image.hm.com/assets/hm/e0/78/e0782f94cf0e0c2979ef9289b944e38f0a4142ac.jpg'],kids_adorables_viewall_girl,view all,en_us,2,"['5T (4-5Y)', '7 (7-8Y)', '8 (8-9Y)', '6 (5-6Y)', '6X (6-7Y)']"
1231062010,OzU7IzsxMjMxMDYyMDEwOyM7IzsvZmFzaGlvbi9ERVNLVE9QL1NFQVJDSF9QQUdFL1NFQVJDSF9SRVNVTFQ7IzsjO09CSkVDVElWRSQ7Mzg7NDc7IzsjOyM7_e4,Tapered Cotton-blend Jeans,H&M,https://www2.hm.com/en_us/productpage.1231062010.html,$29.99,29.99,29.99,29.99,Available,False,True,True,Light khaki green,888D82,"['Light khaki green', 'Light denim blue', 'Denim blue']","['888D82', '9FA8B6', '79829D']","['3T (2-3Y)', '6 (5-6Y)', '6X (6-7Y)', '4T (3-4Y)', '5T (4-5Y)', '10 (9-10Y)', '7 (7-8Y)', '8 (8-9Y)']","['3T (2-3Y)', '4T (3-4Y)', '7 (7-8Y)']",8,https://image.hm.com/assets/hm/d8/4e/d84e640fa4d6876005cbc974edd4ca39145399b4.jpg,https://image.hm.com/assets/hm/d8/4e/d84e640fa4d6876005cbc974edd4ca39145399b4.jpg,"['https://image.hm.com/assets/hm/e4/0c/e40c50c7915979f5af5dd257e5c406eeb2399bc2.jpg', 'https://image.hm.com/assets/hm/29/31/29314a549f7f1caf27d197266c8ed988dc499c9b.jpg']",kids_adorables_viewall_boy,view all,en_us,2,"['6 (5-6Y)', '6X (6-7Y)', '5T (4-5Y)', '10 (9-10Y)', '8 (8-9Y)']"
1317826001,OzU7IzsxMzE3ODI2MDAxOyM7IzsvZmFzaGlvbi9ERVNLVE9QL1NFQVJDSF9QQUdFL1NFQVJDSF9SRVNVTFQ7IzsjO09CSkVDVElWRSQ7Mzk7NDc7IzsjOyM7_e4,Patterned Cotton Blouse,H&M,https://www2.hm.com/en_us/productpage.1317826001.html,$29.99,29.99,29.99,29.99,Available,False,True,False,Blue/floral,4F5FA9,['Blue/floral'],['4F5FA9'],"['3T (2-3Y)', '5T (4-5Y)', '4T (3-4Y)', '10 (9-10Y)', '6X (6-7Y)', '6 (5-6Y)', '8 (8-9Y)', '7 (7-8Y)']","['3T (2-3Y)', '6X (6-7Y)']",8,https://image.hm.com/assets/hm/f5/bb/f5bb60332aa03129c2431d763335d168116376f9.jpg,https://image.hm.com/assets/hm/f5/bb/f5bb60332aa03129c2431d763335d168116376f9.jpg,['https://image.hm.com/assets/hm/d1/11/d111c4f8ba739dd66370d3307cf12fef74731271.jpg'],kids_adorables_viewall_girl,view all,en_us,2,"['5T (4-5Y)', '4T (3-4Y)', '10 (9-10Y)', '6 (5-6Y)', '8 (8-9Y)', '7 (7-8Y)']"
1276106001,OzU7IzsxMjc2MTA2MDAxOyM7IzsvZmFzaGlvbi9ERVNLVE9QL1NFQVJDSF9QQUdFL1NFQVJDSF9SRVNVTFQ7IzsjO09CSkVDVElWRSQ7NDA7NDc7IzsjOyM7_e4,2-Piece Cotton Seersucker Set,H&M,https://www2.hm.com/en_us/productpage.1276106001.html,$37.99,37.99,37.99,37.99,Available,False,True,False,Light pink,CDB6A9,['Light pink'],['CDB6A9'],"['6X (6-7Y)', '7 (7-8Y)', '8 (8-9Y)', '10 (9-10Y)', '3T (2-3Y)', '4T (3-4Y)', '5T (4-5Y)', '6 (5-6Y)']","['3T (2-3Y)', '6 (5-6Y)']",8,https://image.hm.com/assets/hm/b0/9e/b09e725644577b7a028a825fed3c809eaa731b76.jpg,https://image.hm.com/assets/hm/b0/9e/b09e725644577b7a028a825fed3c809eaa731b76.jpg,"['https://image.hm.com/assets/hm/43/36/433649ba15b1c2e7597c61d02e08e40f6e31ad16.jpg', 'https://image.hm.com/assets/hm/5a/2e/5a2e067ac2bb2127c606becd9f68147a1564dea5.jpg']",kids_adorables_viewall_girl,view all,en_us,2,"['6X (6-7Y)', '7 (7-8Y)', '8 (8-9Y)', '10 (9-10Y)', '4T (3-4Y)', '5T (4-5Y)']"
1231044001,OzU7IzsxMjMxMDQ0MDAxOyM7IzsvZmFzaGlvbi9ERVNLVE9QL1NFQVJDSF9QQUdFL1NFQVJDSF9SRVNVTFQ7IzsjO09CSkVDVElWRSQ7NDE7NDc7IzsjOyM7_e4,Cotton Muslin Blouse,H&M,https://www2.hm.com/en_us/productpage.1231044001.html,$29.99,29.99,29.99,29.99,Available,False,True,False,White,EEEDE1,"['White', 'Light pink']","['EEEDE1', 'C7A098']","['6X (6-7Y)', '7 (7-8Y)', '5T (4-5Y)', '6 (5-6Y)', '3T (2-3Y)', '4T (3-4Y)', '8 (8-9Y)', '10 (9-10Y)']","['5T (4-5Y)', '3T (2-3Y)']",8,https://image.hm.com/assets/hm/c9/67/c967fcaffeda07ad6765a4a01c052b6b07e215c7.jpg,https://image.hm.com/assets/hm/12/12/1212233c1f5aaa5f77314fee871abf96b20a52a1.jpg,"['https://image.hm.com/assets/hm/ae/4d/ae4d129b8313fca909cc0ea265256fa554abe532.jpg', 'https://image.hm.com/assets/hm/b0/86/b086b8a2ff520e90823ad9e5390a2d7d6f0d4d64.jpg', 'https://image.hm.com/assets/hm/ba/04/ba040068332e851da76dae85909c7c4be17430a1.jpg']",kids_adorables_viewall_girl,view all,en_us,2,"['6X (6-7Y)', '7 (7-8Y)', '6 (5-6Y)', '4T (3-4Y)', '8 (8-9Y)', '10 (9-10Y)']"
1276114002,OzU7IzsxMjc2MTE0MDAyOyM7IzsvZmFzaGlvbi9ERVNLVE9QL1NFQVJDSF9QQUdFL1NFQVJDSF9SRVNVTFQ7IzsjO09CSkVDVElWRSQ7NDI7NDc7IzsjOyM7_e4,Scalloped Shorts,H&M,https://www2.hm.com/en_us/productpage.1276114002.html,$19.99,19.99,19.99,19.99,Available,False,True,False,Pink/floral,D37CA3,['Pink/floral'],['D37CA3'],"['10 (9-10Y)', '7 (7-8Y)', '8 (8-9Y)', '3T (2-3Y)', '6 (5-6Y)', '6X (6-7Y)', '4T (3-4Y)', '5T (4-5Y)']","['7 (7-8Y)', '6X (6-7Y)']",8,https://image.hm.com/assets/hm/96/96/9696f7ae9319da915b8a8dce5b125dd7c97f4625.jpg,https://image.hm.com/assets/hm/96/96/9696f7ae9319da915b8a8dce5b125dd7c97f4625.jpg,['https://image.hm.com/assets/hm/48/86/4886c24acb42b393a52d9056a6de3a3c037e3fe2.jpg'],kids_adorables_viewall_girl,view all,en_us,2,"['10 (9-10Y)', '8 (8-9Y)', '3T (2-3Y)', '6 (5-6Y)', '4T (3-4Y)', '5T (4-5Y)']"
1254796001,OzU7IzsxMjU0Nzk2MDAxOyM7IzsvZmFzaGlvbi9ERVNLVE9QL1NFQVJDSF9QQUdFL1NFQVJDSF9SRVNVTFQ7IzsjO09CSkVDVElWRSQ7NDM7NDc7IzsjOyM7_e4,Coated Jacket,H&M,https://www2.hm.com/en_us/productpage.1254796001.html,$22.99,22.99,22.99,22.99,Available,False,True,False,Black,272628,['Black'],['272628'],"['10 (9-10Y)', '6X (6-7Y)', '6 (5-6Y)', '8 (8-9Y)', '7 (7-8Y)', '5T (4-5Y)', '4T (3-4Y)']",['5T (4-5Y)'],7,https://image.hm.com/assets/hm/18/9f/189fa6c97e18122db377c7ac74603c104b7c7bef.jpg,https://image.hm.com/assets/hm/18/9f/189fa6c97e18122db377c7ac74603c104b7c7bef.jpg,['https://image.hm.com/assets/hm/95/c9/95c90195a741ccc29d2cc5923296e582c3dd1c10.jpg'],kids_kids_viewall,view all,en_us,2,"['10 (9-10Y)', '6X (6-7Y)', '6 (5-6Y)', '8 (8-9Y)', '7 (7-8Y)', '4T (3-4Y)']"
1304035001,OzU7IzsxMzA0MDM1MDAxOyM7IzsvZmFzaGlvbi9ERVNLVE9QL1NFQVJDSF9QQUdFL1NFQVJDSF9SRVNVTFQ7IzsjO09CSkVDVElWRSQ7NDQ7NDc7IzsjOyM7_e4,Cotton Blouse with Sailor Collar,H&M,https://www2.hm.com/en_us/productpage.1304035001.html,$29.99,29.99,29.99,29.99,Available,False,True,False,White,F0EFEC,['White'],['F0EFEC'],"['5T (4-5Y)', '4T (3-4Y)', '3T (2-3Y)', '8 (8-9Y)', '7 (7-8Y)', '6X (6-7Y)', '6 (5-6Y)', '10 (9-10Y)']",['3T (2-3Y)'],8,https://image.hm.com/assets/hm/d4/ba/d4baae8f3b85ea133cd5384581913229edaff4f8.jpg,https://image.hm.com/assets/hm/17/c6/17c6c5dc0f2e72ee407dbb3f223316ac877e639a.jpg,"['https://image.hm.com/assets/hm/5a/5e/5a5e370c33a9b9c3054d622b4c271409c5c117b4.jpg', 'https://image.hm.com/assets/hm/56/91/569185de8742ed9e044788bf56483111c4f17c9a.jpg', 'https://image.hm.com/assets/hm/1d/0a/1d0a5167bc111f3a59c9e2ba18530f071a7546c4.jpg']",kids_adorables_viewall_girl,view all,en_us,2,"['5T (4-5Y)', '4T (3-4Y)', '8 (8-9Y)', '7 (7-8Y)', '6X (6-7Y)', '6 (5-6Y)', '10 (9-10Y)']"
1293357001,OzU7IzsxMjkzMzU3MDAxOyM7IzsvZmFzaGlvbi9ERVNLVE9QL1NFQVJDSF9QQUdFL1NFQVJDSF9SRVNVTFQ7IzsjO09CSkVDVElWRSQ7NDU7NDc7IzsjOyM7_e4,Corduroy A-Line Skirt,H&M,https://www2.hm.com/en_us/productpage.1293357001.html,$29.99,29.99,29.99,29.99,Available,False,True,False,Red,702B33,['Red'],['702B33'],"['3T (2-3Y)', '10 (9-10Y)', '8 (8-9Y)', '7 (7-8Y)', '6X (6-7Y)', '6 (5-6Y)', '5T (4-5Y)', '4T (3-4Y)']",['7 (7-8Y)'],8,https://image.hm.com/assets/hm/3c/c6/3cc6a41dff6231c55a4046f0a6d3b9fd8540ef6d.jpg,https://image.hm.com/assets/hm/3c/c6/3cc6a41dff6231c55a4046f0a6d3b9fd8540ef6d.jpg,['https://image.hm.com/assets/hm/5a/15/5a15c65a6f51e5a616ca7eff65c2f53f6845ce07.jpg'],kids_adorables_viewall_girl,view all,en_us,2,"['3T (2-3Y)', '10 (9-10Y)', '8 (8-9Y)', '6X (6-7Y)', '6 (5-6Y)', '5T (4-5Y)', '4T (3-4Y)']"
