id,subreddit,type,author,title,text,full_text,score,num_comments,upvote_ratio,url,author_flair,post_flair,created_utc,week,month,clean_text,source,language,video_id,video_title,channel,source_query,published_at,like_count,brand,document_id,azure_sentiment,confidence_positive,confidence_neutral,confidence_negative,key_phrases,theme_cluster
ogr9j79,frugalmalefashion,comment,xyzzy321,Official Weekly Buy/Sell/Trade Thread & B/S/T on Discord,"#**All prices OBO** I have several successful transactions on hardwareswaps/appleswaps/frugalmalefashion/rawdenim/pebble for physical goods + GCTrading/giftcardexchange for digital goods. **** #**JEANS** 3. **Uniqlo stretch selvedge - $35 + shipping?** - waist 17.5 flat; inseam 33. Other measurements and photos here: Product page here: Retail price $60 before taxes/shipping/tariffs. **** #**GUSTIN TOPS** All items were just taken out of packaging and stored in a closet, never worn not even to try on. 1. **Gustin Vintage Heavyweight Long-sleeve T-shirt (Navy), size L** purchased ~Fall 2025 - link [here]( for measurements, fabric details etc. Retail price $39 before shipping/taxes; asking $32 shipped 2. **Gustin USA T-shirt Navy 2pk, size L** purchased ~holidays 2025 - link [here]( for measurements, fabric details etc. Retail price $26 before shipping/taxes; asking $20 shipped Bundle price $45 shipped if someone wants both. #**OTHER TOPS** 5. **St. Louis Cardinals tees - $20 each** These are all pre-Fanatics and are excellent quality: All size L; two Majestic, two Nike. Retail price $35-$45 each. **** #**OUTERWEAR** 1. **Quechua Men's NH500 Imper Waterproof Rain Jacket** - details here: This is the one jacket I used ~15 times and fair warning, it collects a lot of lint so you'll have to keep using a lint roller often. Trying to get about $40 for it. Photos: 2. **ZeroXposur Grid Dobby 2-In-1 Hooded Shell with Inner Coat** - details here: This jacket hasn't been used more than 1-3 times but for whatever reason it has a stain on the shoulder/upper arm. I haven't tried to clean it so not sure if it's permanent or not. As a result, also trying to get only about ~$40 for this. Photos: 3. **Forclaz Men's Travel 500 3-in-1 Waterproof Jacket** - details here: Worn once, this is in absolute mint condition and as a result, looking to get ~$80 on this. Photos: 4. **Old Navy parka** - cannot find a link, but I used this for 30 mins max. Looking for ~$40 on this, too. Photos: #**SHOES** Photos: All worn 0 or 1 times, or just worn to try them on and never again. Taking offers as long as they're reasonable, feel free to comment/PM for any questions/clarifications. More photos via DM if requested! 1. **Rothy's RS01 - black, size 13** [authenticated by Grailed]( - **$70 + shipping** - worn only to try on inside the house. Photos: 2. **Tom's Star Wars x Skywalker - size 13** - **$40 + shipping?** - worn only to try on inside the house. Photos: 5. **Sperry boat shoes - size 12** - **$35 + shipping** - worn once for ~2 hours. Photos: 6. **Bruno Marc boots - size 12** - **$35 + shipping** - worn once for ~5 hours. Photos: Pictures coming soon- 8. **Merrell hiking shoes - size 13** - worn on two trips, 9/10 condition or better 8. **Sorel boots - size 13** - worn 3 times, 10/10 condition 9. **Caterpillar steel toe boots - size 12** (lol no idea why I bought them, I was trying to buy winter boots for the snow and accidentally purchased these) - worn ~5 times, 9/10 condition And a bunch of sandals/flip-flops with straps #SOLD items ~~1.**Gustin \\\#75**~~ **SOLD** on /r/rawdenim ~~2. **Unbranded UB201**~~ **SOLD** on /r/rawdenim ~~3. **N&F Dirty Fade Selvedge, Super Guy fit**~~ **SOLD** on /r/frugalmalefashion ~~**4. JCrew gift card** - $20 worth, selling for $16.~~ **SOLD** on /r/frugalmalefashion ~~**5. JCrew NWT henleys** - **SOLD** on /r/frugalmalefashion~~ **~~6. Blake Mckay oxfords~~** - **sold** on Poshmark **~~7. Aston Grey oxfords~~** - **sold** on Poshmark Official Weekly Buy/Sell/Trade Thread & B/S/T on Discord","#**All prices OBO**

I have several successful transactions on hardwareswaps/appleswaps/frugalmalefashion/rawdenim/pebble for physical goods + GCTrading/giftcardexchange for digital goods. 

****
#**JEANS**




  


3. **Uniqlo stretch selvedge - $35 + shipping?** - waist 17.5 flat; inseam 33. Other measurements and photos here: https://imgur.com/a/QJmnSGi Product page here: https://www.uniqlo.com/us/en/products/E418910-000/00?colorDisplayCode=09&sizeDisplayCode=029&pldDisplayCode=034. Retail price $60 before taxes/shipping/tariffs.

****
#**GUSTIN TOPS**

All items were just taken out of packaging and stored in a closet, never worn not even to try on. 

1. **Gustin Vintage Heavyweight Long-sleeve T-shirt (Navy), size L** purchased ~Fall 2025 - link [here](https://www.weargustin.com/store/knits-vintage-heavyweight-long-sleeve-t-shirt-navy) for measurements, fabric details etc. Retail price $39 before shipping/taxes; asking $32 shipped

2. **Gustin USA T-shirt Navy 2pk, size L** purchased ~holidays 2025 - link [here](https://www.weargustin.com/store/knits-usa-t-shirt-navy-2pk) for measurements, fabric details etc. Retail price $26 before shipping/taxes; asking $20 shipped

Bundle price $45 shipped if someone wants both.

#**OTHER TOPS**




5. **St. Louis Cardinals tees - $20 each** These are all pre-Fanatics and are excellent quality: https://imgur.com/a/D4Mf7GK. All size L; two Majestic, two Nike. Retail price $35-$45 each.



****
#**OUTERWEAR**

1. **Quechua Men's NH500 Imper Waterproof Rain Jacket** - details here: https://www.decathlon.com/products/quechua-mens-nh500-waterproof-rain-jacket-334354?variant=40794922516542. This is the one jacket I used ~15 times and fair warning, it collects a lot of lint so you'll have to keep using a lint roller often. Trying to get about $40 for it. Photos: https://imgur.com/a/GRLME7n

2. **ZeroXposur Grid Dobby 2-In-1 Hooded Shell with Inner Coat** - details here: https://www.kohls.com/product/prd-6812529/mens-zeroxposur-grid-dobby-2-in-1-hooded-shell-with-inner-coat.jsp. This jacket hasn't been used more than 1-3 times but for whatever reason it has a stain on the shoulder/upper arm. I haven't tried to clean it so not sure if it's permanent or not. As a result, also trying to get only about ~$40 for this. Photos: https://imgur.com/a/qDBY9Ec

3. **Forclaz Men's Travel 500 3-in-1 Waterproof Jacket** - details here: https://www.decathlon.com/products/mens-3-in-1-waterproof-travel-trekking-jacket-travel-500-10-degrees-celcius-black-147553. Worn once, this is in absolute mint condition and as a result, looking to get ~$80 on this. Photos: https://imgur.com/a/a9wF09d

4. **Old Navy parka** - cannot find a link, but I used this for 30 mins max. Looking for ~$40 on this, too. Photos: https://imgur.com/a/Faoni5y

#**SHOES** 

Photos: https://imgur.com/a/4u2bEjI

All worn 0 or 1 times, or just worn to try them on and never again. Taking offers as long as they're reasonable, feel free to comment/PM for any questions/clarifications. More photos via DM if requested!

1. **Rothy's RS01 - black, size 13** [authenticated by Grailed](https://www.grailed.com/listings/80588109-rothy-s-rothys-rs01-nwot) - **$70 + shipping** - worn only to try on inside the house. Photos: https://imgur.com/a/rothys-rs01-u-xyzzy321-boHETXK
2. **Tom's Star Wars x Skywalker - size 13** - **$40 + shipping?** - worn only to try on inside the house. Photos: https://imgur.com/a/xPfjwjC

5. **Sperry boat shoes - size 12** - **$35 + shipping** - worn once for ~2 hours. Photos: https://imgur.com/a/sperry-boat-shoes-u-xyzzy321-Tm2s6KP
6. **Bruno Marc boots - size 12** - **$35 + shipping** - worn once for ~5 hours. Photos: https://imgur.com/a/mLvsWV3

Pictures coming soon-

8. **Merrell hiking shoes - size 13** - worn on two trips, 9/10 condition or better

8. **Sorel boots - size 13** - worn 3 times, 10/10 condition

9. **Caterpillar steel toe boots - size 12** (lol no idea why I bought them, I was trying to buy winter boots for the snow and accidentally purchased these) - worn ~5 times, 9/10 condition

And a bunch of sandals/flip-flops with straps


#SOLD items

~~1.**Gustin \\\#75**~~  **SOLD** on /r/rawdenim


~~2. **Unbranded UB201**~~ **SOLD** on /r/rawdenim

  
~~3. **N&F Dirty Fade Selvedge, Super Guy fit**~~ **SOLD** on /r/frugalmalefashion

~~**4. JCrew gift card** - $20 worth, selling for $16.~~ **SOLD** on /r/frugalmalefashion

~~**5. JCrew NWT henleys** - **SOLD** on /r/frugalmalefashion~~

**~~6. Blake Mckay oxfords~~** - **sold** on Poshmark

**~~7. Aston Grey oxfords~~** - **sold** on Poshmark",1.0,,,https://reddit.com/r/frugalmalefashion/comments/1so8ixp/official_weekly_buyselltrade_thread_bst_on_discord/ogr9j79/,,"[Weekly FMF, RE @ Friday 2PM EST]",2026-04-17 18:08:51+00:00,2026-W16,2026-04,all prices obo i have several successful transactions on hardwareswaps appleswaps frugalmalefashion rawdenim pebble for physical goods gctrading giftcardexchange for digital goods jeans 3 uniqlo stretch selvedge 35 shipping waist 17 5 flat inseam 33 other measurements and photos here product page here retail price 60 before taxes shipping tariffs gustin tops all items were just taken out of packaging and stored in a closet never worn not even to try on 1 gustin vintage heavyweight long sleeve t shirt navy size l purchased fall 2025 link here for measurements fabric details etc retail price 39 before shipping taxes asking 32 shipped 2 gustin usa t shirt navy 2pk size l purchased holidays 2025 link here for measurements fabric details etc retail price 26 before shipping taxes asking 20 shipped bundle price 45 shipped if someone wants both other tops 5 st louis cardinals tees 20 each these are all pre fanatics and are excellent quality all size l two majestic two nike retail price 35 45 each outerwear 1 quechua men's nh500 imper waterproof rain jacket details here this is the one jacket i used 15 times and fair warning it collects a lot of lint so you'll have to keep using a lint roller often trying to get about 40 for it photos 2 zeroxposur grid dobby 2 in 1 hooded shell with inner coat details here this jacket hasn't been used more than 1 3 times but for whatever reason it has a stain on the shoulde arm i haven't tried to clean it so not sure if it's permanent or not as a result also trying to get only about 40 for this photos 3 forclaz men's travel 500 3 in 1 waterproof jacket details here worn once this is in absolute mint condition and as a result looking to get 80 on this photos 4 old navy parka cannot find a link but i used this for 30 mins max looking for 40 on this too photos shoes photos all worn 0 or 1 times or just worn to try them on and never again taking offers as long as they're reasonable feel free to comment pm for any questions clarifications more photos via dm if requested 1 rothy's rs01 black size 13 authenticated by grailed 70 shipping worn only to try on inside the house photos 2 tom's star wars x skywalker size 13 40 shipping worn only to try on inside the house photos 5 sperry boat shoes size 12 35 shipping worn once for 2 hours photos 6 bruno marc boots size 12 35 shipping worn once for 5 hours photos pictures coming soon 8 merrell hiking shoes size 13 worn on two trips 9 10 condition or better 8 sorel boots size 13 worn 3 times 10 10 condition 9 caterpillar steel toe boots size 12 lol no idea why i bought them i was trying to buy winter boots for the snow and accidentally purchased these worn 5 times 9 10 condition and a bunch of sandals flip flops with straps sold items 1 gustin 75 sold on 2 unbranded ub201 sold on 3 n f dirty fade selvedge super guy fit sold on 4 jcrew gift card 20 worth selling for 16 sold on 5 jcrew nwt henleys sold on 6 blake mckay oxfords sold on poshmark 7 aston grey oxfords sold on poshmark,Reddit,,,,,,,,Old Navy,0,mixed,0.14,0.02,0.84,"N&F Dirty Fade Selvedge, NH500 Imper Waterproof Rain Jacket, St. Louis Cardinals tees, Travel 500 3-in-1 Waterproof Jacket, Caterpillar steel toe boots, Uniqlo stretch selvedge, several successful transactions, ZeroXposur Grid Dobby, JCrew gift card, JCrew NWT henleys, Blake Mckay oxfords, Aston Grey oxfords, Bruno Marc boots, absolute mint condition, Old Navy parka, Sperry boat shoes, one jacket, Sorel boots, winter boots, 9/10 condition, 10/10 condition, physical goods, digital goods, Product page, Retail price, Bundle price, OTHER TOPS, excellent quality, two Majestic, two Nike, Quechua Men, fair warning, Inner Coat, shoulder/upper arm, Forclaz Men, Star Wars, two trips, Unbranded UB201, Super Guy, GUSTIN TOPS, lint roller, fabric details, Other measurements, More photos, hardwareswaps/appleswaps, frugalmalefashion, rawdenim/pebble, GCTrading/giftcardexchange, JEANS, shipping, waist, items, packaging, closet, size, holidays, someone, Fanatics, OUTERWEAR, lot, reason, stain, result, link, 30 mins, offers, PM, questions, clarifications, DM, Rothy, RS01, Grailed, house, Tom, Skywalker, ~2 hours, ~5 hours, Pictures, idea, snow, bunch, sandals/flip-flops, straps, Poshmark, Sell/Trade, Thread, Discord",1
1sl7od5,frugalmalefashion,post,hopelessly_positive,$50 Digital Gift Card for Banana Republic/Gap/Athleta/Old Navy - $38.50 (23% off),Promo code: STRF353 (should automatically apply when you add it to your cart) Limit 10 gift cards ($500 for $385) $50 Digital Gift Card for Banana Republic/Gap/Athleta/Old Navy - $38.50 (23% off),"$50 Digital Gift Card for Banana Republic/Gap/Athleta/Old Navy - $38.50 (23% off) Promo code: STRF353 (should automatically apply when you add it to your cart)

Limit 10 gift cards ($500 for $385)",79.0,37.0,0.89,https://reddit.com/r/frugalmalefashion/comments/1sl7od5/50_digital_gift_card_for_banana/,,[Expired/OOS] ,2026-04-14 12:46:09+00:00,2026-W16,2026-04,50 digital gift card for banana republic gap athleta old navy 38 50 23 off promo code strf353 should automatically apply when you add it to your cart limit 10 gift cards 500 for 385,Reddit,,,,,,,,Old Navy,1,neutral,0.0,1.0,0.0,"Digital Gift Card, 10 gift cards, Promo code, Old Navy, cart",0
og4np8r,frugalmalefashion,comment,joefuf,$50 Digital Gift Card for Banana Republic/Gap/Athleta/Old Navy - $38.50 (23% off),"I see this from time to time, but is this the best deal on Banana Republic/Gap/Athleta/Old Navy GCs? $50 Digital Gift Card for Banana Republic/Gap/Athleta/Old Navy - $38.50 (23% off)","I see this from time to time, but is this the best deal on Banana Republic/Gap/Athleta/Old Navy GCs?",11.0,,,https://reddit.com/r/frugalmalefashion/comments/1sl7od5/50_digital_gift_card_for_banana/og4np8r/,,[Expired/OOS] ,2026-04-14 13:29:01+00:00,2026-W16,2026-04,i see this from time to time but is this the best deal on banana republic gap athleta old navy gcs,Reddit,,,,,,,,Old Navy,2,positive,0.85,0.14,0.0,"Banana Republic/Gap/Athleta/Old Navy GCs, Digital Gift Card, best deal, time",0
og56wiu,frugalmalefashion,comment,Melodic_Conflict6138,$50 Digital Gift Card for Banana Republic/Gap/Athleta/Old Navy - $38.50 (23% off),Wonder if these work at their warehouse/distribution centers. The prices there are already so reduced it would be a real steal. $50 Digital Gift Card for Banana Republic/Gap/Athleta/Old Navy - $38.50 (23% off),Wonder if these work at their warehouse/distribution centers.  The prices there are already so reduced it would be a real steal.,4.0,,,https://reddit.com/r/frugalmalefashion/comments/1sl7od5/50_digital_gift_card_for_banana/og56wiu/,,[Expired/OOS] ,2026-04-14 15:00:05+00:00,2026-W16,2026-04,wonder if these work at their warehouse distribution centers the prices there are already so reduced it would be a real steal,Reddit,,,,,,,,Old Navy,3,negative,0.01,0.06,0.93,"Digital Gift Card, Banana Republic/Gap/Athleta/Old Navy, warehouse/distribution centers, real steal, prices",0
og7ct0j,frugalmalefashion,comment,Busy_Meringue4569,$50 Digital Gift Card for Banana Republic/Gap/Athleta/Old Navy - $38.50 (23% off),"So it's a gift card? Like once you have it, it's $50 with no restrictions? No ""well you can't apply it towards things already on sale"" or anything like that? $50 Digital Gift Card for Banana Republic/Gap/Athleta/Old Navy - $38.50 (23% off)","So it's a gift card? Like once you have it, it's $50 with no restrictions? No ""well you can't apply it towards things already on sale"" or anything like that?",4.0,,,https://reddit.com/r/frugalmalefashion/comments/1sl7od5/50_digital_gift_card_for_banana/og7ct0j/,,[Expired/OOS] ,2026-04-14 20:44:25+00:00,2026-W16,2026-04,so it's a gift card like once you have it it's 50 with no restrictions no well you can't apply it towards things already on sale or anything like that,Reddit,,,,,,,,Old Navy,4,neutral,0.12,0.81,0.08,"Digital Gift Card, Old Navy, restrictions, things, sale",0
og8u89a,frugalmalefashion,comment,SyllabubOther4037,$50 Digital Gift Card for Banana Republic/Gap/Athleta/Old Navy - $38.50 (23% off),I bought 5 of them yesterday but the email hasn’t come yet. That pretty standard? $50 Digital Gift Card for Banana Republic/Gap/Athleta/Old Navy - $38.50 (23% off),I bought 5 of them yesterday but the email hasn’t come yet. That pretty standard?,3.0,,,https://reddit.com/r/frugalmalefashion/comments/1sl7od5/50_digital_gift_card_for_banana/og8u89a/,,[Expired/OOS] ,2026-04-15 01:23:28+00:00,2026-W16,2026-04,i bought 5 of them yesterday but the email hasn t come yet that pretty standard,Reddit,,,,,,,,Old Navy,5,negative,0.0,0.05,0.95,"Digital Gift Card, Banana Republic/Gap/Athleta/Old Navy, email, standard",0
ogfzo98,frugalmalefashion,comment,FridgesArePeopleToo,$50 Digital Gift Card for Banana Republic/Gap/Athleta/Old Navy - $38.50 (23% off),"Nice, bought 4 of them $50 Digital Gift Card for Banana Republic/Gap/Athleta/Old Navy - $38.50 (23% off)","Nice, bought 4 of them",3.0,,,https://reddit.com/r/frugalmalefashion/comments/1sl7od5/50_digital_gift_card_for_banana/ogfzo98/,,[Expired/OOS] ,2026-04-16 01:56:17+00:00,2026-W16,2026-04,nice bought 4 of them,Reddit,,,,,,,,Old Navy,6,positive,1.0,0.0,0.0,"Digital Gift Card, Banana Republic/Gap/Athleta/Old Navy, Nice",0
1sem65l,frugalmalefashion,post,MrDPT,ON Explore Shorts - $15 (Baggies Knockoff),I bought 3 pair of these last year for $13.50 each. Suitable baggies knockoff. [Old Navy Explore Shorts]( ON Explore Shorts - $15 (Baggies Knockoff),"ON Explore Shorts - $15 (Baggies Knockoff) I bought 3 pair of these last year for $13.50 each. Suitable baggies knockoff. 

[Old Navy Explore Shorts](https://oldnavy.gap.com/browse/search.do?searchText=explore%20shorts)",0.0,17.0,0.39,https://reddit.com/r/frugalmalefashion/comments/1sem65l/on_explore_shorts_15_baggies_knockoff/,,[Deal/Sale],2026-04-07 04:41:12+00:00,2026-W15,2026-04,on explore shorts 15 baggies knockoff i bought 3 pair of these last year for 13 50 each suitable baggies knockoff old navy explore shorts,Reddit,,,,,,,,Old Navy,7,neutral,0.03,0.96,0.0,"Suitable baggies knockoff, Old Navy, 3 pair, Shorts, ON",2
oet8osa,frugalmalefashion,comment,MoorsMoopsMoorsMoops,ON Explore Shorts - $15 (Baggies Knockoff),"I've sung the praises of these shorts before and I'm glad they're finally back in stock. I've owned multiple pairs of Baggies and these, and I ended up selling my Baggies once I bought these. No liner, much better pockets, slimmer thigh (but not at all ""slim fit""), and 1/4 of the price. Also, I'm not at all an Old Navy fanboy - these are the only Old Navy product that I own. I wear them for lifting in the gym, swimming, or just doing chores outside. For this price, it's a no-brainer. ON Explore Shorts - $15 (Baggies Knockoff)","I've sung the praises of these shorts before and I'm glad they're finally back in stock. I've owned multiple pairs of Baggies and these, and I ended up selling my Baggies once I bought these.

No liner, much better pockets, slimmer thigh (but not at all ""slim fit""), and 1/4 of the price. Also, I'm not at all an Old Navy fanboy - these are the only Old Navy product that I own.

I wear them for lifting in the gym, swimming, or just doing chores outside. For this price, it's a no-brainer.",5.0,,,https://reddit.com/r/frugalmalefashion/comments/1sem65l/on_explore_shorts_15_baggies_knockoff/oet8osa/,,[Deal/Sale],2026-04-07 14:45:47+00:00,2026-W15,2026-04,i've sung the praises of these shorts before and i'm glad they're finally back in stock i've owned multiple pairs of baggies and these and i ended up selling my baggies once i bought these no liner much better pockets slimmer thigh but not at all slim fit and 1 4 of the price also i'm not at all an old navy fanboy these are the only old navy product that i own i wear them for lifting in the gym swimming or just doing chores outside for this price it's a no brainer,Reddit,,,,,,,,Old Navy,8,positive,0.97,0.01,0.03,"Old Navy fanboy, Old Navy product, multiple pairs, slimmer thigh, Baggies Knockoff, praises, shorts, stock, liner, pockets, fit, price, gym, chores, brainer, Explore",2
1sd4sqf,frugalmalefashion,post,rabid-panda,Old Navy T-Shirts - $6 (most are 100% cotton),Looks like crew and graphic shirts are 100% cotton or cotton jersey. Old Navy T-Shirts - $6 (most are 100% cotton),Old Navy T-Shirts - $6 (most are 100% cotton) Looks like crew and graphic shirts are 100% cotton or cotton jersey.,88.0,53.0,0.86,https://reddit.com/r/frugalmalefashion/comments/1sd4sqf/old_navy_tshirts_6_most_are_100_cotton/,,[Deal/Sale],2026-04-05 14:18:24+00:00,2026-W14,2026-04,old navy t shirts 6 most are 100 cotton looks like crew and graphic shirts are 100 cotton or cotton jersey,Reddit,,,,,,,,Old Navy,9,neutral,0.0,1.0,0.0,"Old Navy T-Shirts, graphic shirts, cotton jersey, 100% cotton, crew",4
oefz10g,frugalmalefashion,comment,arsenal11385,Old Navy T-Shirts - $6 (most are 100% cotton),Because of material these cotton ones shrink easily. The only benefit I see to them is that they come in “tall” size which is great for me. Old Navy T-Shirts - $6 (most are 100% cotton),Because of material these cotton ones shrink easily. The only benefit I see to them is that they come in “tall” size which is great for me.,55.0,,,https://reddit.com/r/frugalmalefashion/comments/1sd4sqf/old_navy_tshirts_6_most_are_100_cotton/oefz10g/,,[Deal/Sale],2026-04-05 14:56:36+00:00,2026-W14,2026-04,because of material these cotton ones shrink easily the only benefit i see to them is that they come in tall size which is great for me,Reddit,,,,,,,,Old Navy,10,positive,0.98,0.01,0.0,"Old Navy T-Shirts, tall” size, material, cotton, benefit",4
oeg2imb,frugalmalefashion,comment,intent107135048,Old Navy T-Shirts - $6 (most are 100% cotton),Are you all laundering these correctly? Mine never shrink at cool temp and air dry. Old Navy T-Shirts - $6 (most are 100% cotton),Are you all laundering these correctly? Mine never shrink at cool temp and air dry.,33.0,,,https://reddit.com/r/frugalmalefashion/comments/1sd4sqf/old_navy_tshirts_6_most_are_100_cotton/oeg2imb/,,[Deal/Sale],2026-04-05 15:13:35+00:00,2026-W14,2026-04,are you all laundering these correctly mine never shrink at cool temp and air dry,Reddit,,,,,,,,Old Navy,11,neutral,0.02,0.96,0.02,"Old Navy T-Shirts, cool temp, Mine, 100% cotton",4
oeg6m8v,frugalmalefashion,comment,Joshdu90,Old Navy T-Shirts - $6 (most are 100% cotton),The heavy weight cropped T’s are an awesome value at $15. Comparable to Uniqlo crew T’s for about half the price. Old Navy T-Shirts - $6 (most are 100% cotton),The heavy weight cropped T’s are an awesome value at $15. Comparable to Uniqlo crew T’s for about half the price.,12.0,,,https://reddit.com/r/frugalmalefashion/comments/1sd4sqf/old_navy_tshirts_6_most_are_100_cotton/oeg6m8v/,,[Deal/Sale],2026-04-05 15:33:24+00:00,2026-W14,2026-04,the heavy weight cropped t s are an awesome value at 15 comparable to uniqlo crew t s for about half the price,Reddit,,,,,,,,Old Navy,12,positive,0.99,0.01,0.0,"Old Navy T-Shirts, heavy weight, awesome value, Uniqlo crew, half, price, 100% cotton",4
of1ojjv,frugalmalefashion,comment,europeanuppercut,Official Weekly Buy/Sell/Trade Thread & B/S/T on Discord,"**Full Closet Purge - XS through XL - Todd Snyder x Champion, Levi's, J. Crew, Adidas, Next Level Apparel, Banana Republic, Lands' End, Bella + Canvas, Independent Trading Co., Frank & Oak, Jomers, H&M, Uniqlo, Nice Laundry, Outdoor Voices, American Eagle, Zara, Allbirds, Public Rec** [Facebook Marketplace]( Denim jackets, dress shirts, casual shirts, t-shirts, hoodies, chinos, jeans, pajama pants, athletic wear, shorts, blazers, peacoats, swim trunks, shoes... Completely starting over, so a ton of different items, a million different sizes. Majority are like new, very gently worn (if ever). Everything available for shipping, or for pickup in Nashville, TN. Pricing is negotiable on most items, especially if bundled! Official Weekly Buy/Sell/Trade Thread & B/S/T on Discord","**Full Closet Purge - XS through XL - Todd Snyder x Champion, Levi's, J. Crew, Adidas, Next Level Apparel, Banana Republic, Lands' End, Bella + Canvas, Independent Trading Co., Frank & Oak, Jomers, H&M, Uniqlo, Nice Laundry, Outdoor Voices, American Eagle, Zara, Allbirds, Public Rec**

[Facebook Marketplace](https://www.facebook.com/marketplace/profile/100080017011059/)

Denim jackets, dress shirts, casual shirts, t-shirts, hoodies, chinos, jeans, pajama pants, athletic wear, shorts, blazers, peacoats, swim trunks, shoes... Completely starting over, so a ton of different items, a million different sizes. Majority are like new, very gently worn (if ever).

Everything available for shipping, or for pickup in Nashville, TN.

Pricing is negotiable on most items, especially if bundled!",1.0,,,https://reddit.com/r/frugalmalefashion/comments/1sbkv0h/official_weekly_buyselltrade_thread_bst_on_discord/of1ojjv/,,"[Weekly FMF, RE @ Friday 2PM EST]",2026-04-08 18:48:14+00:00,2026-W15,2026-04,full closet purge xs through xl todd snyder x champion levi's j crew adidas next level apparel banana republic lands' end bella canvas independent trading co frank oak jomers h m uniqlo nice laundry outdoor voices american eagle zara allbirds public rec facebook marketplace denim jackets dress shirts casual shirts t shirts hoodies chinos jeans pajama pants athletic wear shorts blazers peacoats swim trunks shoes completely starting over so a ton of different items a million different sizes majority are like new very gently worn if ever everything available for shipping or for pickup in nashville tn pricing is negotiable on most items especially if bundled,Reddit,,,,,,,,Banana Republic,13,negative,0.1,0.04,0.86,"Next Level Apparel, Independent Trading Co., Official Weekly Buy, million different sizes, different items, Todd Snyder, J. Crew, Banana Republic, Lands' End, H&M, Nice Laundry, Outdoor Voices, American Eagle, Public Rec, Facebook Marketplace, Denim jackets, dress shirts, casual shirts, pajama pants, athletic wear, swim trunks, TN. Pricing, most items, Sell/Trade Thread, XS, XL, Champion, Levi, Adidas, Bella, Canvas, Frank, Oak, Jomers, Uniqlo, Zara, Allbirds, t-shirts, hoodies, chinos, jeans, shorts, blazers, peacoats, shoes, ton, Majority, Everything, shipping, pickup, Nashville, Discord",1
odwqj3m,frugalmalefashion,comment,MrSoprano,Amazon Essentials OCBDs are actually not bad for $13-$16,"I bought one on a whim and its not great. I ended up giving it away. It had probably the worst collar design i've ever seen, and i'm not even the ""obsessed with collar roll"" kinda dudes. It just looked terrible on me. I prefer Uniqlo or GAP for super budget. Amazon Essentials OCBDs are actually not bad for $13-$16","I bought one on a whim and its not great.  I ended up giving it away.  

It had probably the worst collar design i've ever seen, and i'm not even the ""obsessed with collar roll"" kinda dudes.

It just looked terrible on me.  I prefer Uniqlo or GAP for super budget.",66.0,,,https://reddit.com/r/frugalmalefashion/comments/1salk67/amazon_essentials_ocbds_are_actually_not_bad_for/odwqj3m/,,[Deal/Sale],2026-04-02 16:25:07+00:00,2026-W14,2026-04,i bought one on a whim and its not great i ended up giving it away it had probably the worst collar design i've ever seen and i'm not even the obsessed with collar roll kinda dudes it just looked terrible on me i prefer uniqlo or gap for super budget,Reddit,,,,,,,,Gap,14,mixed,0.15,0.05,0.8,"Amazon Essentials OCBDs, worst collar design, collar roll, super budget, whim, dudes, Uniqlo, GAP",3
odq5n3y,frugalmalefashion,comment,circio,32 Degrees warehouse sale,"Decent quality for a great price. Certain things fall apart really quickly, but their base layers are solid. Usually what I recommend to people who move to really cold climates and don’t have a lot of cold weather clothes yet, fill that gap until they find better things but need clothing for sub freezing temps 32 Degrees warehouse sale","Decent quality for a great price. 

Certain things fall apart really quickly, but their base layers are solid. Usually what I recommend to people who move to really cold climates and don’t have a lot of cold weather clothes yet, fill that gap until they find better things but need clothing for sub freezing temps
",13.0,,,https://reddit.com/r/frugalmalefashion/comments/1s9pjcw/32_degrees_warehouse_sale/odq5n3y/,,[Deal/Sale],2026-04-01 16:59:36+00:00,2026-W14,2026-04,decent quality for a great price certain things fall apart really quickly but their base layers are solid usually what i recommend to people who move to really cold climates and don t have a lot of cold weather clothes yet fill that gap until they find better things but need clothing for sub freezing temps,Reddit,,,,,,,,Gap,15,mixed,0.66,0.05,0.3,"sub freezing temps, 32 Degrees warehouse sale, cold weather clothes, cold climates, Decent quality, great price, base layers, Certain things, people, gap, clothing",3
1strzhn,malefashionadvice,post,emisnug,"New Job, New Wardrobe, New Shoes?","Got myself a big boy job and my decade+ of wearing sneakers, jeans & a black shirt to work isn't going to cut it anymore. I've been given a 3 page employee dress guide handbook that boils down to smart-business-casual (no jeans, no athletic or fabric sneakers, no t shirts, tie & jacket optional) So with that said, I'm looking to upgrade my wardrobe in its entirety, and I'm looking for opinions. I'm new to this all. I have some ok things that'll get me going, but want to upgrade. * Shoes (budget = $200) * Amberjack Originals - I keep seeing ads for these guys, but little to no reviews. * Cole Haan Zerogrand * Allen Edmonds Benson Derby Sneaker * Shirts (budget = $250 for 3) * Banana Republic Dobby Dress Shirt * Quince Comfortflex Dress Shirt * State & Liberty Springer * Pants (budget = $as needed) * Banana Republic Sharkskin Trouser (charcoal) * Banana Republic Lived-In Chino (Navy) For context, I will typically walk 2-3 miles/day in the course of my role, and would prefer to have things last a little longer if possible. New Job, New Wardrobe, New Shoes?","New Job, New Wardrobe, New Shoes? Got myself a big boy job and my decade+ of wearing sneakers, jeans & a black shirt to work isn't going to cut it anymore. I've been given a 3 page employee dress guide handbook that boils down to smart-business-casual (no jeans, no athletic or fabric sneakers, no t shirts, tie & jacket optional)

So with that said, I'm looking to upgrade my wardrobe in its entirety, and I'm looking for opinions. I'm new to this all. I have some ok things that'll get me going, but want to upgrade.

* Shoes (budget = $200) 
   * Amberjack Originals - I keep seeing ads for these guys, but little to no reviews.
   * Cole Haan Zerogrand
   * Allen Edmonds Benson Derby Sneaker 
* Shirts (budget = $250 for 3) 
   * Banana Republic Dobby Dress Shirt
   * Quince Comfortflex Dress Shirt
   * State & Liberty Springer
* Pants (budget = $as needed)
   * Banana Republic Sharkskin Trouser (charcoal)
   * Banana Republic Lived-In Chino (Navy)

  
For context, I will typically walk 2-3 miles/day in the course of my role, and would prefer to have things last a little longer if possible.",16.0,13.0,0.92,https://reddit.com/r/malefashionadvice/comments/1strzhn/new_job_new_wardrobe_new_shoes/,,Discussion,2026-04-23 18:58:33+00:00,2026-W17,2026-04,new job new wardrobe new shoes got myself a big boy job and my decade of wearing sneakers jeans a black shirt to work isn't going to cut it anymore i've been given a 3 page employee dress guide handbook that boils down to smart business casual no jeans no athletic or fabric sneakers no t shirts tie jacket optional so with that said i'm looking to upgrade my wardrobe in its entirety and i'm looking for opinions i'm new to this all i have some ok things that'll get me going but want to upgrade shoes budget 200 amberjack originals i keep seeing ads for these guys but little to no reviews cole haan zerogrand allen edmonds benson derby sneaker shirts budget 250 for 3 banana republic dobby dress shirt quince comfortflex dress shirt state liberty springer pants budget as needed banana republic sharkskin trouser charcoal banana republic lived in chino navy for context i will typically walk 2 3 miles day in the course of my role and would prefer to have things last a little longer if possible,Reddit,,,,,,,,Banana Republic,16,positive,0.59,0.37,0.03,"Allen Edmonds Benson Derby Sneaker, 3 page employee dress guide handbook, Banana Republic Dobby Dress Shirt, Quince Comfortflex Dress Shirt, Banana Republic Sharkskin Trouser, Cole Haan Zerogrand, big boy job, black shirt, New Job, Amberjack Originals, Liberty Springer, fabric sneakers, t shirts, ok things, New Wardrobe, New Shoes, decade, jeans, smart-business-casual, athletic, tie, jacket, entirety, opinions, budget, ads, guys, reviews, State, Pants, charcoal, Chino, Navy, context, course, role",1
ohwvzkk,malefashionadvice,comment,Par1ah13,"New Job, New Wardrobe, New Shoes?","stretch shirts are always a bad idea, but they're especially not gonna pair well with walking two miles a day. i understand the temptation of work clothes that behave like gymwear, but you'd be paying a premium for plastic and it will age terribly how formal is this new work environment? you're highlighting dress shirts--specifically, shirts with plain plackets, no breast pocket, and offered in stark white. that's pretty formal, and imo unusual to wear without a jacket or tie. if more casual shirting options are allowed, consider the humble oxford cloth button-down, or OCBD. it's a little more casual (it can pair with jeans, whereas a dress shirt absolutely cannot), but capable of dressing up when paired with the right trousers or a jacket. you can even wear it with a tie, if you want. better yet, decent ones can be sourced affordably: [Uniqlo - $50 apiece]( [Gap - currently on sale for $29 apiece]( better-made (and commensurately pricier) versions are available from the likes of J Crew, J Press, Brooks Brothers, or Ralph Lauren, but uniqlo and gap are good enough for a starter wardrobe. at Gap prices, you could easily buy an entire week's worth and use the savings in your budget to get them altered as necessary for shoes, i see you've got some ankle issues. my sympathies there, and if dress sneakers are truly the only thing your condition lets you wear, then do that. but if you can avoid it, i would. they don't really succeed at being a dress shoe or a sneaker, imo, and they code in my eyes as either ""finance bro"" or ""tech bro""--some kind of office bro New Job, New Wardrobe, New Shoes?","stretch shirts are always a bad idea, but they're especially not gonna pair well with walking two miles a day. i understand the temptation of work clothes that behave like gymwear, but you'd be paying a premium for plastic and it will age terribly

how formal is this new work environment? you're highlighting dress shirts--specifically, shirts with plain plackets, no breast pocket, and offered in stark white. that's pretty formal, and imo unusual to wear without a jacket or tie.

if more casual shirting options are allowed, consider the humble oxford cloth button-down, or OCBD. it's a little more casual (it can pair with jeans, whereas a dress shirt absolutely cannot), but capable of dressing up when paired with the right trousers or a jacket. you can even wear it with a tie, if you want. better yet, decent ones can be sourced affordably:
[Uniqlo - $50 apiece](https://www.uniqlo.com/us/en/products/E456630-000/00?colorDisplayCode=64&sizeDisplayCode=004)

[Gap - currently on sale for $29 apiece](https://www.gap.com/browse/product.do?pid=818576042&vid=1&pcid=15043&cid=15043#pdp-page-content)

better-made (and commensurately pricier) versions are available from the likes of J Crew, J Press, Brooks Brothers, or Ralph Lauren, but uniqlo and gap are good enough for a starter wardrobe. at Gap prices, you could easily buy an entire week's worth and use the savings in your budget to get them altered as necessary

for shoes, i see you've got some ankle issues. my sympathies there, and if dress sneakers are truly the only thing your condition lets you wear, then do that. but if you can avoid it, i would. they don't really succeed at being a dress shoe or a sneaker, imo, and they code in my eyes as either ""finance bro"" or ""tech bro""--some kind of office bro",1.0,,,https://reddit.com/r/malefashionadvice/comments/1strzhn/new_job_new_wardrobe_new_shoes/ohwvzkk/,,Discussion,2026-04-23 23:16:11+00:00,2026-W17,2026-04,stretch shirts are always a bad idea but they're especially not gonna pair well with walking two miles a day i understand the temptation of work clothes that behave like gymwear but you'd be paying a premium for plastic and it will age terribly how formal is this new work environment you're highlighting dress shirts specifically shirts with plain plackets no breast pocket and offered in stark white that's pretty formal and imo unusual to wear without a jacket or tie if more casual shirting options are allowed consider the humble oxford cloth button down or ocbd it's a little more casual it can pair with jeans whereas a dress shirt absolutely cannot but capable of dressing up when paired with the right trousers or a jacket you can even wear it with a tie if you want better yet decent ones can be sourced affordably uniqlo 50 apiece gap currently on sale for 29 apiece better made and commensurately pricier versions are available from the likes of j crew j press brooks brothers or ralph lauren but uniqlo and gap are good enough for a starter wardrobe at gap prices you could easily buy an entire week's worth and use the savings in your budget to get them altered as necessary for shoes i see you've got some ankle issues my sympathies there and if dress sneakers are truly the only thing your condition lets you wear then do that but if you can avoid it i would they don't really succeed at being a dress shoe or a sneaker imo and they code in my eyes as either finance bro or tech bro some kind of office bro,Reddit,,,,,,,,Gap,17,mixed,0.35,0.18,0.47,"casual shirting options, humble oxford cloth, new work environment, work clothes, New Job, New Wardrobe, bad idea, two miles, plain plackets, breast pocket, stark white, dress shirt, right trousers, J Crew, J Press, Brooks Brothers, Ralph Lauren, starter wardrobe, entire week, ankle issues, dress sneakers, dress shoe, finance bro, tech bro, office bro, New Shoes, stretch shirts, Gap prices, temptation, gymwear, premium, plastic, jacket, tie, OCBD, jeans, decent, Uniqlo, sale, versions, likes, worth, savings, budget, sympathies, thing, condition, eyes, kind",1
1stj1fw,malefashionadvice,post,BringBackManaPots,Who sells beige/tan/khaki colored jeans?,"Up until recently, target has sold a pair of [near perfect, value-minded tan jeans.]( I have to link through Ebay because they took them down off of their site. You can see all of the different colors they offered, with ""Dust"" being the one I'm looking for. These have been my go-to elevated casual look that works really well with desert boots, bridging the gap between the office, and whatever weekend plans we break into. Wrangler sells [a ""tan"" jean]( but the weave isn't twill, it's some kind of budget khaki weave. Does anyone have a pair of tan jeans they recommend these days? I thought target would sell these forever, but for whatever reason they've cycled them out. I really want to find a go-to pair that isn't going to disappear on me the next time I have to replace them. Who sells beige/tan/khaki colored jeans?","Who sells beige/tan/khaki colored jeans? Up until recently, target has sold a pair of [near perfect, value-minded tan jeans.](https://www.ebay.com/itm/206134516723) I have to link through Ebay because they took them down off of their site. You can see all of the different colors they offered, with ""Dust"" being the one I'm looking for. These have been my go-to elevated casual look that works really well with desert boots, bridging the gap between the office, and whatever weekend plans we break into.

Wrangler sells [a ""tan"" jean](https://www.wrangler.com/shop/mens-five-star-premium-slim-straight-jean-92SSW.html?dwvar_92SSW_color=112325352&merchCategory=WRG_MEN_JEANS), but the weave isn't twill, it's some kind of budget khaki weave. 

Does anyone have a pair of tan jeans they recommend these days? I thought target would sell these forever, but for whatever reason they've cycled them out. I really want to find a go-to pair that isn't going to disappear on me the next time I have to replace them.",1.0,2.0,1.0,https://reddit.com/r/malefashionadvice/comments/1stj1fw/who_sells_beigetankhaki_colored_jeans/,,Question,2026-04-23 13:37:54+00:00,2026-W17,2026-04,who sells beige tan khaki colored jeans up until recently target has sold a pair of near perfect value minded tan jeans i have to link through ebay because they took them down off of their site you can see all of the different colors they offered with dust being the one i'm looking for these have been my go to elevated casual look that works really well with desert boots bridging the gap between the office and whatever weekend plans we break into wrangler sells a tan jean but the weave isn't twill it's some kind of budget khaki weave does anyone have a pair of tan jeans they recommend these days i thought target would sell these forever but for whatever reason they've cycled them out i really want to find a go to pair that isn't going to disappear on me the next time i have to replace them,Reddit,,,,,,,,Gap,18,mixed,0.51,0.29,0.2,"near perfect, value-minded tan jeans, tan/khaki colored jeans, elevated casual look, budget khaki weave, tan"" jean, different colors, desert boots, target, pair, Ebay, site, Dust, one, gap, office, weekend, Wrangler, kind, reason, beige",1
1st36hi,malefashionadvice,post,Square-Jar,"Pajama pants with drawstring only, no elastic waistband?","Does anyone have recs for pajama pants that have only a drawstring, and not an elastic waistband? Bonus points if they have fun patterns or designs. I have searched several retailers, Amazon, Target, Walmart, TJMaxx, Nordstrom Rack, Old Navy, several others I'm sure. The only ones I can find that definitely don't have an elastic waistband are these from [Cottonique]( but they are way too sterile and living-on-a-commune for me. I find the elastic waistband very uncomfortable when lounging/sleeping. I have a few old pairs but they're starting to get very old and worn. Any leads for pajama/lounging pants with drawstring only, no elastic waistband? thanks :) Pajama pants with drawstring only, no elastic waistband?","Pajama pants with drawstring only, no elastic waistband? Does anyone have recs for pajama pants that have only a drawstring, and not an elastic waistband? Bonus points if they have fun patterns or designs.

I have searched several retailers, Amazon, Target, Walmart, TJMaxx, Nordstrom Rack, Old Navy, several others I'm sure. The only ones I can find that definitely don't have an elastic waistband are these from [Cottonique](https://www.amazon.com/Cottonique-Latex-Free-Drawstring-Lounge-Organic/dp/B00FF54IWG?th=1&psc=1), but they are way too sterile and living-on-a-commune for me.

I find the elastic waistband very uncomfortable when lounging/sleeping. I have a few old pairs but they're starting to get very old and worn.

Any leads for pajama/lounging pants with drawstring only, no elastic waistband? thanks :)",2.0,2.0,1.0,https://reddit.com/r/malefashionadvice/comments/1st36hi/pajama_pants_with_drawstring_only_no_elastic/,,Question,2026-04-23 00:24:19+00:00,2026-W17,2026-04,pajama pants with drawstring only no elastic waistband does anyone have recs for pajama pants that have only a drawstring and not an elastic waistband bonus points if they have fun patterns or designs i have searched several retailers amazon target walmart tjmaxx nordstrom rack old navy several others i'm sure the only ones i can find that definitely don't have an elastic waistband are these from cottonique but they are way too sterile and living on a commune for me i find the elastic waistband very uncomfortable when lounging sleeping i have a few old pairs but they're starting to get very old and worn any leads for pajama lounging pants with drawstring only no elastic waistband thanks,Reddit,,,,,,,,Old Navy,19,mixed,0.49,0.01,0.5,"pajama pants, elastic waistband, Bonus points, fun patterns, several retailers, Nordstrom Rack, Old Navy, several others, old pairs, pajama/lounging pants, recs, drawstring, designs, Amazon, Target, Walmart, TJMaxx, commune, leads",1
ohwb24w,weddingplanning,comment,itinerantdustbunny,When to send wedding invitations?,"The RSVP deadline is 1-2 weeks before your vendors need the headcount. You’ll have to check your contracts for when that is. The most accurate RSVPs are collected as late as possible, and since you don’t need them any earlier than the vendors do, there is no reason to collect them before the vendors need them. The earlier you collect RSVPs, the less accurate they’ll be, and inaccurate RSVPs are pretty useless to you. Guests receive the invitation 4-8 weeks before the RSVP deadline. If the gap is too big, people just forget about it. When to send wedding invitations?","The RSVP deadline is 1-2 weeks before your vendors need the headcount. You’ll have to check your contracts for when that is. The most accurate RSVPs are collected as late as possible, and since you don’t need them any earlier than the vendors do, there is no reason to collect them before the vendors need them. The earlier you collect RSVPs, the less accurate they’ll be, and inaccurate RSVPs are pretty useless to you.

Guests receive the invitation 4-8 weeks before the RSVP deadline. If the gap is too big, people just forget about it.",6.0,,,https://reddit.com/r/weddingplanning/comments/1stve3q/when_to_send_wedding_invitations/ohwb24w/,,Recap/Budget,2026-04-23 21:23:54+00:00,2026-W17,2026-04,the rsvp deadline is 1 2 weeks before your vendors need the headcount you ll have to check your contracts for when that is the most accurate rsvps are collected as late as possible and since you don t need them any earlier than the vendors do there is no reason to collect them before the vendors need them the earlier you collect rsvps the less accurate they ll be and inaccurate rsvps are pretty useless to you guests receive the invitation 4 8 weeks before the rsvp deadline if the gap is too big people just forget about it,Reddit,,,,,,,,Gap,20,negative,0.04,0.18,0.78,"RSVP deadline, wedding invitations, accurate RSVPs, The, vendors, headcount, contracts, reason, Guests, gap, people",3
yt_0q5FLY4ZlgY_UgylYGBEi7ns3KTgG1V4AaABAg,,youtube_comment,,,"Mistake 1. Don't over do it, sometimes a straight or wide leg fit is enough, as long there's no gap on your leg when you standing straight is fine, just go with baggy or balloon fit when straight or wide leg fit just don't give enough volume",,,,,,,,,,,,YouTube,en,0q5FLY4ZlgY,Why You Look BAD In Baggy/Wide Fit Pants,Fly With Johnny Thai,affordable summer outfits styling,2023-12-28T11:07:55Z,4.0,Gap,21,mixed,0.4,0.15,0.45,"wide leg fit, enough volume, Mistake, straight, gap, baggy, balloon",3
